#,Date searched,Terms,Search engine,Title,Year published,Country of study,Continent,Language if not English,Microscopy,PCR,Mouse bioassay,Number of felids/samples,Positive felid/samples,% shedding (or reshedding),Genotypes,Strain,Length of study/sampling (months),Relevant,Topic if relevant,Freerange,Notes,Link,,,,,,,
901,3/10,"toxoplasma, transmission, felid",Pubmed,Isolation of encysted Toxoplasma gondii from muscles of mule deer in Montana,1982,USA,North America,,Y,N,Y,1,1,100.00,,,,Y,Cat bioassay,N,,https://www.ncbi.nlm.nih.gov/pubmed/7161172,,,,,,,
932,3/10,"toxoplasma, transmission, felid",Pubmed,Experimental infection of a bison with Toxoplasma gondii oocysts,1983,USA,North America,,Y,N,Y,7,1,14.29,I (#10),GT-1,1,Y,Cat bioassay,N,,https://www.jwildlifedis.org/doi/pdf/10.7589/0090-3558-19.2.148,,,,,,,
221,2/22,"toxoplasma, oocyst, shedding",Pubmed,Persistence of encysted Toxoplasma gondii in tissues of equids fed oocysts,1985,USA,North America,,Y,N,N,13,9,69.23,,,,Y,Cat bioassay,N,,https://www.ncbi.nlm.nih.gov/pubmed/4037503,,,,,,,
68,2/16,toxoplasma AND cat AND shedding,Pubmed,Persistence of tissue cysts in edible tissues of cattle fed Toxoplasma gondii oocysts,1993,USA,North America,,Y,N,N,4,3,75.00,I,GT-1,,Y,Cat bioassay,N,,https://www.ncbi.nlm.nih.gov/pubmed/8430937,,,,,,"unknown, brII, 32",
980,3/12,"toxoplasma, felid, oocyst, feces",Pubmed,"Isolation of tissue cysts of Toxoplasma, Isospora, Hammondia and Sarcocystis from camel (Camelus dromedarius) meat in Saudi Arabia",1995,Saudi Arabia,Asia,,Y,N,N,4,4,100.00,,,,Y,Cat bioassay,N,,https://www.ncbi.nlm.nih.gov/pubmed/8533274,,,,,,,
1013,3/12,"toxoplasma, felid, oocyst, feces",Pubmed,Prevalence of viable Toxoplasma gondii tissue cysts and antibodies to T. gondii by various serologic tests in black bears (Ursus americanus) from Pennsylvania,1995,USA,North America,,Y,N,Y,11,8,72.73,,,,Y,Cat bioassay,N,,https://www.jstor.org/stable/3284018?seq=2#metadata_info_tab_contents,,,,,,,
363,2/28,"toxoplasma, felid, genotype",Pubmed,Biological and molecular characterizations of Toxoplasma gondii strains obtained from southern sea otters (Enhydra lutris nereis),2000,USA,North America,,Y,N,Y,4,2,50.00,II,"0226, 0729",,Y,Cat bioassay,N,,https://www.ncbi.nlm.nih.gov/pubmed/10864250,,,,,,,
106,2/21,toxoplasma AND cat AND shedding,WoS,High prevalence of viable Toxoplasma gondii infection in market weight pigs from a farm in Massachusetts,2002,USA,North America,,Y,N,Y,55,51,92.73,,,,Y,Cat bioassay,N,,https://bioone.org/journals/Journal-of-Parasitology/volume-88/issue-6/0022-3395(2002)088[1234:HPOVTG]2.0.CO;2/HIGH-PREVALENCE-OF-VIABLE-TOXOPLASMA-GONDII-INFECTION-IN-MARKET-WEIGHT/10.1645/0022-3395(2002)088[1234:HPOVTG]2.0.CO;2.full?casa_token=Qk_G2q3r6N8AAAAA%3arKMtxE91S9C-j_ezelRgilOCs57krYAE_GV96CuPZMnM3bvHdHO6jL26MVU6QKD04ynJNeEHjQ,,,,,,,
972,3/12,"toxoplasma, felid, oocyst, feces",Pubmed,"Biological and genetic characterisation of Toxoplasma gondii isolates from chickens (Gallus domesticus) from São Paulo, Brazil: unexpected findings",2002,Brazil,South America,,Y,N,Y,27,13,48.15,"I, III",,,Y,Cat bioassay,N,,https://www.sciencedirect.com/science/article/pii/S0020751901003642?via%3Dihub,,,,,,,
128,2/21,toxoplasma AND cat AND shedding,WoS,Isolation and molecular characterization of Toxoplasma gondii from chickens and ducks from Egypt,2003,Egypt,Africa,,Y,N,N,5,1,20.00,"II, III",,,Y,Cat bioassay,N,,https://www.sciencedirect.com/science/article/pii/S030440170300133X,,,,,,,
119,2/21,toxoplasma AND cat AND shedding,WoS,Genotyping of Toxoplasma gondii isolates from chickens from India,2003,India,Asia,,Y,N,Y,23,5,21.74,"II, III",TgCInd3 to 7,,Y,Cat bioassay,N,,https://www.sciencedirect.com/science/article/abs/pii/S0304401703004515,,,,,,,
100,2/21,toxoplasma AND cat AND shedding,WoS,Toxoplasma gondii isolates from free-ranging chickens from the United States,2003,USA,North America,,Y,N,Y,11,8,72.73,"II, III",,11,Y,Cat bioassay,N,,https://naldc.nal.usda.gov/download/21433/PDF,,,,,,,
36,2/16,toxoplasma AND cat AND shedding,Pubmed,"Toxoplasma gondii isolates of free-ranging chickens from Rio de Janeiro, Brazil: mouse mortality, genotype, and oocyst shedding by cats",2003,Brazil,South America,,Y,N,Y,13,13,100.00,"I, III",,,Y,Cat bioassay,N,,https://www.ncbi.nlm.nih.gov/pubmed/14533703,,,,,,167,52
130,2/21,toxoplasma AND cat AND shedding,WoS,"Characterization of Toxoplasma gondii isolates from free range chickens from Parana, Brazil",2003,Brazil,South America,,Y,N,Y,4,3,75.00,I,,,Y,Cat bioassay,N,,https://www.sciencedirect.com/science/article/pii/S0304401703003558,,,,,,,
136,2/21,toxoplasma AND cat AND shedding,WoS,"High prevalence of Toxoplasma gondii in a commercial flock of chickens in Israel, and public health implications of free-range farming",2004,Israel,Asia,,Y,N,Y,2,2,100.00,"II, III",,,Y,Cat bioassay,N,,https://www.sciencedirect.com/science/article/pii/S0304401704001062,,,,,,,
70,2/16,toxoplasma AND cat AND shedding,Pubmed,Effect of commonly used enhancement solutions on the viability of Toxoplasma gondii tissue cysts in pork loin,2004,USA,North America,,Y,N,N,64,26,40.63,III,VEG,1.5,Y,Cat bioassay,N,,https://watermark.silverchair.com/0362-028x-67_10_2230.pdf?token=AQECAHi208BE49Ooan9kkhW_Ercy7Dm3ZL_9Cf3qfKAc485ysgAAAokwggKFBgkqhkiG9w0BBwagggJ2MIICcgIBADCCAmsGCSqGSIb3DQEHATAeBglghkgBZQMEAS4wEQQMbWI13r-52ikMPXcJAgEQgIICPDB4nbgy6NfiqT1gEujFV9euh1k-MsEBhWsXa7HpFAoyMgLpL77z-DHUK74sJJcavfyrFFf5nom2Nvg4TPdj_GFidn01uf4z66W2ockDmHZfShE8GSNqc5RNA2tYSbJ_YTmxrbIdsGb3ACRzRKiFEQTsgNGIOkIv7cDqLWninCO3CxCEvWJ0QGJMX2I4IU7qEKI08J8n5uZMmyoo3al7bPPXHRlRt5WP2eJQ9PnwJ69HAhHovuU1fe-Eg4kDD2S3AOtB4CX7BVYVmHz9QSP8yRDgXNtsHMmNvhCFbRD5JSZEfOvLNGQFksYcaAbCaL431LnAcU5T0hqaiiCjzTeVTonZ_CZO6q3QpykNOFBqMZon22nnK7KcxbUCq5sFmXji9vn06p06cmdYTzSt7p66b3WTPmDBk916TJoRUFlb5V6Duwdb0ibJdwaZnHJht5KXfjheuoFaSV3S4fceizDYqOLudrRIX9HA07G7KVQXJba0kwJQgHOCNznZMo1ROfpLvvyoodZICOHX80vcH4eTi-qL1AAbxecl07Y-oqu2lmFS4iG2v1PCtUnNCsopB7M095hbDbzBayfpLe4XadCIA5BO_sV8fIe7nBWLm7DL4E_s543-g9K0R7l9QT7P7w2cyWA-hrMMeEygfNXul5r3OSwRMcG1nYCceLjeqdj-5_ZkJ-9PPfxzWMmvKQ4HxzdSBZ6kKM8BoPcOofdGshVCOTUzB9o-cI_lbbrLg1o_vbIZQ3QsDqSPe4YrzuKc,,,,,,,
365,2/28,"toxoplasma, felid, genotype",Pubmed,Molecular and biologic characteristics of Toxoplasma gondii isolates from wildlife in the United States,2004,USA,North America,,Y,N,Y,10,7,70.00,"III, II, II+III",,,Y,Cat bioassay,N,,https://bioone.org/journals/Journal-of-Parasitology/volume-90/issue-1/GE-110R/MOLECULAR-AND-BIOLOGIC-CHARACTERISTICS-OF-TOXOPLASMA-GONDII-ISOLATES-FROM-WILDLIFE/10.1645/GE-110R.full#i0022-3395-90-1-67-t02,,,,,,,
1008,3/12,"toxoplasma, felid, oocyst, feces",Pubmed,Experimental Toxoplasma gondii infection in grey seals (Halichoerus grypus),2004,USA,North America,,Y,N,N,4,4,100.00,III,VEG,,Y,Cat bioassay,N,,https://www.ncbi.nlm.nih.gov/pubmed/15165046,,,,,,,
109,2/21,toxoplasma AND cat AND shedding,WoS,Isolation and molecular characterization of Toxoplasma gondii from chickens from Sri Lanka,2005,Sri Lanka,Asia,,Y,N,Y,3,1,33.33,II,TgCkSl-12,,Y,Cat bioassay,N,,https://bioone.org/journals/Journal-of-Parasitology/volume-91/issue-6/GE-479R.1/Isolation-and-Molecular-Characterization-of-Toxoplasma-gondii-From-Chickens-From/10.1645/GE-479R.1.full,,,,,,,
132,2/21,toxoplasma AND cat AND shedding,WoS,Genetic and biologic characteristics of Toxoplasma gondii infections in free-range chickens from Austria,2005,Austria,Europe,,Y,N,Y,15,11,73.33,II,TgCkAt 1-11,,Y,Cat bioassay,N,,https://www.sciencedirect.com/science/article/pii/S030440170500302X,,,,,,,
42,2/16,toxoplasma AND cat AND shedding,Pubmed,"Prevalence of viable Toxoplasma gondii in beef, chicken, and pork from retail meat stores in the United States: risk assessment to consumers",2005,USA,North America,,Y,N,Y,7,7,100.00,"I, II, III","SAG2 type I, II, III",0.5,Y,Cat bioassay,N,,https://doi.org/10.1645/GE-683.1,,,,,,"I, II (1), III (2)",147
141,2/21,toxoplasma AND cat AND shedding,WoS,"Toxoplasma gondii infections in chickens from Venezuela: Isolation, tissue distribution, and molecular characterization",2005,Venezuela,South America,,Y,N,Y,18,7,38.89,"II, III",,,Y,Cat bioassay,N,sample size?,https://bioone.org/journals/Journal-of-Parasitology/volume-91/issue-5/GE-683.1/PREVALENCE-OF-VIABLE-TOXOPLASMA-GONDII-IN-BEEF-CHICKEN-AND-PORK/10.1645/GE-683.1.full,,,,,,,
378,2/28,"toxoplasma, felid, genotype",Pubmed,"Genetic and biologic characteristics of Toxoplasma gondii isolates in free-range chickens from Colombia, South America",2005,Colombia,South America,,Y,N,Y,3,1,33.33,I variant,TgCkCo24,,Y,Cat bioassay,Y,,https://www.sciencedirect.com/science/article/pii/S0304401705003651?via%3Dihub,,,,,,,
59,2/16,toxoplasma AND cat AND shedding,Pubmed,Effects of time and temperature on the viability of Toxoplasma gondii tissue cysts in enhanced pork loin,2006,USA,North America,,Y,N,N,10,10,100.00,III,VEG,0.5,Y,Cat bioassay,N,cats fed pork,https://meridian.allenpress.com/jfp/article-lookup/doi/10.4315/0362-028x-69.8.1961,,,,,,"3, 4, 54, 72, 73","70, 77, 96, 105"
162,2/21,toxoplasma AND cat AND shedding,WoS,"Biologic and genetic characteristics of Toxoplasma gondii isolates in free-range chickens from Nicaragua, Central America",2006,Nicaragua,North America,,Y,N,Y,3,1,33.33,III (#2),TgCkNi48,,Y,Cat bioassay,N,,https://www.sciencedirect.com/science/article/pii/S0304401706003633,,,,,,,
418,2/28,"toxoplasma, felid, zoo",Pubmed,Isolation of Toxoplasma gondii from horse meat in Egypt,2007,Egypt,Africa,,Y,N,N,3,3,100.00,,,,Y,Cat bioassay,N,,https://www.ncbi.nlm.nih.gov/pubmed/19070010,,,,,,,
379,2/28,"toxoplasma, felid, genotype",Pubmed,Genetic characterization of Toxoplasma gondii isolates in dogs from Vietnam suggests their South American origin,2007,Vietnam,Asia,,Y,N,Y,8,8,100.00,"#9, #18",TgDgVi1-8,,Y,Cat bioassay,N,,https://www.sciencedirect.com/science/article/pii/S0304401707001380?via%3Dihub,,,,,,,
181,2/21,toxoplasma AND cat AND shedding,WoS,Isolation and genetic characterization of Toxoplasma gondii from striped dolphin (Stenelia coeruleoalba) from Costa Rica,2007,Costa Rica,North America,,Y,N,Y,1,1,100.00,II,TgSdCo1,,Y,Cat bioassay,N,,https://bioone.org/journals/Journal-of-Parasitology/volume-93/issue-3/GE-1120R.1/Isolation-and-Genetic-Characterization-of-Toxoplasma-gondii-From-Striped-Dolphin/10.1645/GE-1120R.1.full,,,,,,,
375,2/28,"toxoplasma, felid, genotype",Pubmed,"Characterization of Toxoplasma gondii from raccoons (Procyon lotor), coyotes (Canis latrans), and striped skunks (Mephitis mephitis) in Wisconsin identified several atypical genotypes",2007,USA,North America,,Y,N,Y,7,2,28.57,"II (#1), #32","TgRaW 1, 2",,Y,Cat bioassay,N,,https://bioone.org/journals/Journal-of-Parasitology/volume-93/issue-6/GE-1245.1/Characterization-of-Toxoplasma-gondii-from-Raccoons-Procyon-lotor-Coyotes-Canis/10.1645/GE-1245.1.full,,,,,,,
56,2/16,toxoplasma AND cat AND shedding,Pubmed,"Prevalence of Toxoplasma gondii in dogs from Colombia, South America and genetic characterization of T. gondii isolates",2007,Colombia,South America,,Y,N,Y,4,4,100.00,"#29 #18, #9",TgDgCo1-4,0.5,Y,Cat bioassay,N,,https://www.sciencedirect.com/science/article/pii/S0304401706006716?via%3Dihub,,,,,,"29, 18, 9","6,7, 25, 28, 30"
156,2/21,toxoplasma AND cat AND shedding,WoS,"Biologic and genetic comparison of Toxoplasma gondii isolates in free-range chickens from the northern Para state and the southern state Rio Grande do Sul, Brazil revealed highly diverse and distinct parasite populations",2007,Brazil,South America,,Y,N,Y,2,1,50.00,"III (#2), #6, 7, 25, 28, 29, 30, 70, 77, 96, 105","TgCkBr164, TgCkBr 107–116, 141–145",,Y,Cat bioassay,N,164,https://www.sciencedirect.com/science/article/pii/S0304401706004687,,,,,,,
357,2/28,"toxoplasma, felid, genotype",Pubmed,"Seroprevalence and isolation of Toxoplasma gondii from free-range chickens in Ghana, Indonesia, Italy, Poland, and Vietnam",2008,"Ghana, Indonesia, Poland, Vietnam, Italy","Asia, Europe, Africa",,Y,N,Y,16,2,12.50,"II (#1), unknown","TgCkIt3, TgCkVn1",,Y,Cat bioassay,N,,https://bioone.org/journals/Journal-of-Parasitology/volume-94/issue-1/GE-1362.1/Seroprevalence-and-Isolation-of-Toxoplasma-gondii-from-Free-Range-Chickens/10.1645/GE-1362.1.full,,,,,,,
125,2/21,toxoplasma AND cat AND shedding,WoS,First isolate of Toxoplasma gondii from arctic fox (Vulpes lagopus) from Svalbard,2008,Norway,Europe,,Y,N,Y,2,2,100.00,II,ME49,,Y,Cat bioassay,N,,https://www.sciencedirect.com/science/article/pii/S0304401707006073,,,,,,,
66,2/16,toxoplasma AND cat AND shedding,Pubmed,High prevalence and abundant atypical genotypes of Toxoplasma gondii isolated from lambs destined for human consumption in the USA,2008,USA,North America,,Y,N,Y,51,35,68.63,"II (#1), III (#2), II variant (#3), #4 (type 12), #9, #54, #72, #73, #131",TgShUs1-36,0.5,Y,Cat bioassay,N,numbers not adding up?,https://www.sciencedirect.com/science/article/pii/S0020751907004328?via%3Dihub,,,,,,131,"113, 249, 59"
169,2/21,toxoplasma AND cat AND shedding,WoS,Endemic toxoplasmosis in pigs on a farm in Maryland: Isolation and genetic characterization of Toxoplasma gondii,2008,USA,North America,,Y,N,Y,16,11,68.75,"II (#1), #113",TgPgUs1-11,,Y,Cat bioassay,N,,https://bioone.org/journals/Journal-of-Parasitology/volume-94/issue-1/GE-1312.1/Endemic-Toxoplasmosis-in-Pigs-on-a-Farm-in-Maryland/10.1645/GE-1312.1.full,,,,,,,
381,2/28,"toxoplasma, felid, genotype",Pubmed,"Toxoplasmosis in wallabies (Macropus rufogriseus and Macropus eugenii): blindness, treatment with atovaquone, and isolation of Toxoplasma gondii",2008,USA,North America,,Y,N,Y,1,1,100.00,III (#2),Tg WyUs 1,,Y,Cat bioassay,N,,https://bioone.org/journals/Journal-of-Parasitology/volume-94/issue-4/GE-1448.1/Toxoplasmosis-in-Wallabies-Macropus-rufogriseus-and-Macropus-eugenii--Blindness/10.1645/GE-1448.1.full,,,,,,,
415,2/28,"toxoplasma, felid, zoo",Pubmed,Toxoplasmosis in captive dolphins (Tursiops truncatus) and walrus (Odobenus rosmarus),2009,Canada,North America,,Y,N,Y,2,2,100.00,#3 (II variant),TgDoCA1,,Y,Cat bioassay,N,,https://www.ncbi.nlm.nih.gov/pmc/articles/PMC4175520/,,,,,,,
921,3/10,"toxoplasma, transmission, felid",Pubmed,Infectivity of Toxoplasma gondii in northern traditional (country) foods prepared with meat from experimentally infected seals,2009,Canada,North America,,Y,N,N,15,2,13.33,,,4,Y,Cat bioassay,N,,https://watermark.silverchair.com/0362-028x-72_8_1756.pdf?token=AQECAHi208BE49Ooan9kkhW_Ercy7Dm3ZL_9Cf3qfKAc485ysgAAAoQwggKABgkqhkiG9w0BBwagggJxMIICbQIBADCCAmYGCSqGSIb3DQEHATAeBglghkgBZQMEAS4wEQQMTKP1_R-no22Yt924AgEQgIICN8vB5Wyabdsv8HR0MFh8X0y6icRnocTEBYQjpCYkikgb7KZyYz_nEjvvymbDTfeDorjYNdl8x_Za2S9Rf0QquVbVO-Gswn-FQJLpQW9SdebBPoGgsyXjzgkqG8EG7kCZE4rHJUMD8TUv03zy8eKGKwUE0Bkr4VL_xAnPvMy_IiWR8UrfwwQXgzgi1S5iGOxmR2HN99x_FBo8_fYQ2c-oWz2R3EKBpC54pcqxvL3CWQvHD92JPUPDuovNfJ1GVS4kZqsqg2S3NBkSWVCnrkO7wW-MVLUtOBVviuYp6fMu9iHNyNyMvoxaaTwf-pBCOg-zpFZJm4Kbb-mpG2AKTXPSwpLBaXuG0JaDM5HzoaMA8ddY32LIpL3tZR8THiYxgJgEPB6UWaIxogtgsgGZ2rnmbVOlM58HTABgpZaDijMzE3hCUUdW995cJcSEqVcvcS3N8bCKzGp76gwwxw5OpVtZIytByvbKNfujisXT7R-Q_LHTyq8IBGsSwvQCpGlLZZvGO0rUhOgpr2AodVG14FHG9zmyc5Veu-oI7W4ntSYot-t2L2C6Ry3IdW1hVm_WzsBhyUgOT97EaJc3JmM60FV4aooKvLyFOSMbeRM_z94IZkQG567K7QIuh_rNeGcMvOGWFp0SRMfMs2l1LJPUQnWd2XndnR5tkOdEq6aNM_h7siRHCrY0B6lODGOpm79qzXtLoxA2ol6RlHS1fP6GZNVOFyX2lgDyABODk0bDs_RP5Y78Lzz5o4e_ug,,,,,,,
115,2/21,toxoplasma AND cat AND shedding,WoS,Isolation of Toxoplasma gondii From the Keel-Billed Toucan (Ramphastos sulfuratus) From Costa Rica,2009,Costa Rica,South America,,Y,N,Y,1,1,100.00,#52,TgRsCr1,,Y,Cat bioassay,N,"case study, tissues fed to cat that shed oocysts",https://bioone.org/journals/Journal-of-Parasitology/volume-95/issue-2/GE-1846.1/Isolation-of-Toxoplasma-gondii-from-the-Keel-Billed-Toucan-Ramphastos/10.1645/GE-1846.1.full?casa_token=VQ6vHRYJVbAAAAAA%3a0ZF_3zg3H9QRftV8EgECKCLHaLLZWVZ3lePVvkby-g97dyDDmGVaKIvFJdjf7CdTHzOD6DeSuA,,,,,,,
153,2/21,toxoplasma AND cat AND shedding,WoS,A NEW ATYPICAL HIGHLY MOUSE VIRULENT TOXOPLASMA GONDII GENOTYPE ISOLATED FROM A WILD BLACK BEAR IN ALASKA,2010,USA,North America,,Y,N,Y,5,3,60.00,#147,TgBbUS1,,Y,Cat bioassay,N,,https://bioone.org/journals/Journal-of-Parasitology/volume-96/issue-4/GE-2429.1/A-New-Atypical-Highly-Mouse-Virulent-Toxoplasma-gondii-Genotype-Isolated/10.1645/GE-2429.1.full,,,,,,,
350,2/28,"toxoplasma, felid, genotype",Pubmed,"New Toxoplasma gondii genotypes isolated from free-range chickens from the Fernando de Noronha, Brazil: unexpected findings",2010,Brazil,South America,,Y,N,Y,1,1,100.00,ToxoDB#59,TgCkBr233,,Y,Cat bioassay,N,,https://bioone.org/journals/Journal-of-Parasitology/volume-96/issue-4/GE-2425.1/New-Toxoplasma-gondii-Genotypes-Isolated-from-Free-Range-Chickens-from/10.1645/GE-2425.1.full,,,,,,,
369,2/28,"toxoplasma, felid, genotype",Pubmed,Multi-locus DNA sequencing of Toxoplasma gondii isolated from Brazilian pigs identifies genetically divergent strains,2011,Brazil,South America,,Y,N,Y,5,5,100.00,"#1, #2, #4, III",TgPgBr1-5,,Y,Cat bioassay,N,,https://www.sciencedirect.com/science/article/pii/S0304401710005418,,,,,,,
374,2/28,"toxoplasma, felid, genotype",Pubmed,Isolation of viable Toxoplasma gondii from feral guinea fowl (Numida meleagris) and domestic rabbits (Oryctolagus cuniculus) from Brazil,2011,Brazil,South America,,Y,N,Y,6,5,83.33,"BrII, III","TgCatBr1, TgCatBr5",,Y,Cat bioassay,N,,https://www.ncbi.nlm.nih.gov/pubmed/21506805,,,,,,,
18,2/16,toxoplasma AND cat AND shedding,Pubmed,Detection and survival of Toxoplasma gondii in milk and cheese from experimentally infected goats,2014,USA,North America,,Y,N,N,4,1,25.00,ToxoDB #167,TgGoatUS26,1,Y,Cat bioassay,N,,https://meridian.allenpress.com/jfp/article-lookup/doi/10.4315/0362-028X.JFP-14-167,,,,,,,
146,2/21,toxoplasma AND cat AND shedding,WoS,"Toxoplasmosis in sentinel chickens (Gallus domesticus) in New England farms: Seroconversion, distribution of tissue cysts in brain, heart, and skeletal muscle by bioassay in mice and cats",2015,USA,North America,,Y,N,Y,29,23,79.31,,,,Y,Cat bioassay,N,,https://www.sciencedirect.com/science/article/pii/S0304401715300133,,,,,,,
276,2/24,"toxoplasma, felid, genotype",Pubmed,"Toxoplasma gondii isolates from mouflon sheep (Ovis ammon) from Hawaii, USA",2015,USA,North America,,Y,N,Y,2,2,100.00,"III, ToxoDB #249","TgMouflonUS1, TgMouflonUS2",,Y,Cat bioassay,N,,https://onlinelibrary.wiley.com/doi/full/10.1111/jeu.12151,,,,,,,
298,2/25,"toxoplasma, felid, genotype",Pubmed,Toxoplasmosis in geese and detection of two new atypical Toxoplasma gondii strains from naturally infected Canada geese (Branta canadensis),2016,USA,North America,,Y,N,Y,2,2,100.00,"III (ToxoDB #2), #1","TgGooseUS6, 9",,Y,Cat bioassay,N,,https://link.springer.com/article/10.1007/s00436-016-4914-8,,,,,,,
963,3/11,"toxoplasma, felid, oocyst, feces",Pubmed,Validation of the modified agglutination test for the detection of Toxoplasma gondii in free-range chickens by using cat and mouse bioassay,2016,USA,North America,,Y,N,N,29,6,20.69,,,,Y,Cat bioassay,N,,https://www.cambridge.org/core/product/identifier/S0031182015001316/type/journal_article,,,,,,,
285,2/24,"toxoplasma, felid, genotype",WoS,"Antibody Detection, Isolation, Genotyping, and Virulence of Toxoplasma gondii in Captive Felids from China",2017,China,Asia,,Y,N,Y,,,,ToxoDB#9,TgcatHn4,,Y,Cat bioassay,N,,https://www.frontiersin.org/articles/10.3389/fmicb.2017.01414/full,,,,,,,
951,3/10,"toxoplasma, felid, oocyst, feces",Pubmed,Toxoplasma gondii tissue cyst formation and density of tissue cysts in shoulders of pigs 7 and 14 days after feeding infected mice tissues,2019,USA,North America,,Y,N,N,4,4,100.00,III,VEG,,Y,Cat bioassay,N,,https://www.sciencedirect.com/science/article/abs/pii/S0304401719300780?via%3Dihub,,,,,,,
1014,3/12,"toxoplasma, felid, oocyst, feces",Pubmed,Significance of Toxoplasma oocysts in the spreading of infection among domestic cats kept for experimental purposes,1972,Germany,Europe,German,Y,N,Y,12,10,83.33,,,3,Y,Domestic-Domestic,N,,https://www.cabdirect.org/cabdirect/abstract/19732900376,,,,,,,
1017,3/12,"toxoplasma, felid, oocyst, feces",Pubmed,Toxoplasma-oocysts in the feces of naturally infected cats,1972,Germany,Europe,German,Y,N,Y,502,5,1.00,,,,Y,Domestic-Domestic,N,free range?,https://www.ncbi.nlm.nih.gov/pubmed/5011179,,,,,,,
1010,3/12,"toxoplasma, felid, oocyst, feces",Pubmed,Prevalence of Sarcocystis infection and other intestinal parasitisms in cats from a humane shelter in Ohio,1976,USA,North America,,Y,N,Y,1000,10,1.00,,,,Y,Domestic-Domestic,N,,https://www.ncbi.nlm.nih.gov/pubmed/815229,,,,,,,
950,3/10,"toxoplasma, felid, oocyst, feces",Pubmed,Characterization of Toxoplasma gondii from the feces of naturally infected cats,1977,USA,North America,,Y,N,Y,1000,7,0.70,,,12,Y,Domestic-Domestic,N,,https://www.jstor.org/stable/30107191?seq=1#metadata_info_tab_contents,,,,,,,
943,3/10,"toxoplasma, transmission, felid",Pubmed,Prevalence of Toxoplasma gondii antibodies and oocysts in pound-source cats,1982,USA,North America,,Y,N,N,87,14,16.09,,,,Y,Domestic-Domestic,N,,https://europepmc.org/article/med/7096176,,,,,,,
534,3/8,"toxoplasma, felid, species",Pubmed,Prevalence of protozoans helminths among cats purchased for experimental use in the Kanto Area,1983,Japan,Asia,,Y,N,N,171,0,0.00,,,,Y,Domestic-Domestic,N,,https://europepmc.org/article/med/6653679,,,,,,,
929,3/10,"toxoplasma, transmission, felid",Pubmed,Neonatal toxoplasmosis in kittens,1985,Czech Republic,Europe,Czech,Y,N,Y,4,3,75.00,,,1,Y,Domestic-Domestic,N,,https://www.ncbi.nlm.nih.gov/pubmed/3929452,,,,,,,
1073,4/6,,Reference search,"Prevalence of chlamydia, toxoplasma, toxocara and ringworm in farm cats in south-west England.",1987,UK,Europe,,Y,N,N,51,0,0,,,,Y,Domestic-Domestic,N,,https://europepmc.org/article/med/3672827,,,,,,,
1009,3/12,"toxoplasma, felid, oocyst, feces",Pubmed,Diagnosis and prevention of feline toxoplasmosis,1988,Germany,Europe,,Y,N,N,620,8,1.29,,,48,Y,Domestic-Domestic,N,,https://www.ncbi.nlm.nih.gov/pubmed/3130678,,,,,,,
33,2/16,toxoplasma AND cat AND shedding,Pubmed,Toxoplasma gondii infections and oocyst shedding in domestic cats and the significance of this for the epidemiology and epizootiology of toxoplasmosis,1989,Germany,Europe,,Y,N,N,267,3,1.12,,,24,Y,Domestic-Domestic,N,40% of kittens shed,https://www.ncbi.nlm.nih.gov/pubmed/2782669,,,,,,,
1069,4/6,,Reference search,Studie kokcidii u kocek v oblasti Calabar v Nigerii,1990,Nigeria,Africa,Afrikaans,Y,N,N,52,0,0,,,,Y,Domestic-Domestic,N,,,,,,,,,
1065,4/6,,Reference search,"Feline immunodeficiency virus, feline leukaemia virus, Toxoplasma gondii, and intestinal parasitic infections in Taiwanese cats",1990,Taiwan,Asia,,Y,N,N,96,0,0,,,,Y,Domestic-Domestic,N,,https://www.sciencedirect.com/science/article/pii/0007193590900374,,,,,,,
15,2/16,toxoplasma AND cat AND shedding,Pubmed,Acute primary toxoplasmic hepatitis in an adult cat shedding Toxoplasma gondii oocysts,1990,USA,North America,,Y,N,N,1,1,100.00,,,0.16,Y,Domestic-Domestic,N,,https://www.ncbi.nlm.nih.gov/pubmed/2276958,,,,,,,
588,3/8,"toxoplasma, felid, species",Pubmed,Fauna and incidence of endoparasites in kittens and their mothers from different husbandry situations in south Germany,1992,Germany,Europe,German,Y,N,N,,,17.1,,,,Y,Domestic-Domestic,N,"100 litters, unknown sample size",https://www.ncbi.nlm.nih.gov/pubmed/1496526,,,,,,,
205,2/21,toxoplasma AND felid AND shedding,Pubmed,Epidemiologic studies on human and feline toxoplasmosis,1992,USA,North America,,Y,N,N,107,7,6.54,,,,Y,Domestic-Domestic,N,"T. gondii-like, not confirmed",https://www.ncbi.nlm.nih.gov/pubmed/1619292,,,,,,,
1063,3/31,,Reference search,Diagnostico de toxoplasmosis durante el periodo patente en un gato domestico,1992,Argentina,South America,Spanish,Y,N,Y,50,1,2,,,,Y,Domestic-Domestic,N,,,,,,,,,
1068,4/6,,Reference search,Feline toxoplasmosis in Singapore,1993,Singapore,Asia,,Y,N,N,722,0,0,,,,Y,Domestic-Domestic,N,,,,,,,,,
1011,3/12,"toxoplasma, felid, oocyst, feces",Pubmed,"Parasitological fecal studies of equids, dogs, cats and hedgehogs during the years 1984-1991",1993,Germany,Europe,German,Y,N,N,1147,7,0.61,,,84,Y,Domestic-Domestic,N,,https://www.ncbi.nlm.nih.gov/pubmed/8261912,,,,,,,
65,2/16,toxoplasma AND cat AND shedding,Pubmed,Neonatal toxoplasmosis in littermate cats,1993,USA,North America,,Y,N,N,15,4,26.67,,,,Y,Domestic-Domestic,N,T. gondii like oocysts,https://www.ncbi.nlm.nih.gov/pubmed/8288476,,,,,,,
1059,3/31,,Reference search,Infektionsquellen und infektionswege aus der Sicht des Toxoplasmose-Screenings der Schwangeren in Osterreich,1996,Austria,Europe,German,Y,N,N,1368,27,1.973684211,,,,Y,Domestic-Domestic,N,,,,,,,,,
38,2/16,toxoplasma AND cat AND shedding,Pubmed,Prevalence of IgG and IgM antibodies specific to Toxoplasma gondii in cats,1998,Czech Republic,Europe,,Y,N,Y,390,0,0.00,,,18,Y,Domestic-Domestic,N,,https://www.ncbi.nlm.nih.gov/pubmed/9870370,,,,,,,
1067,4/6,,Reference search,Prevalence of enteric zoonotic organisms in cats,2000,USA,North America,,Y,N,N,206,0,0,,,,Y,Domestic-Domestic,N,,https://avmajournals.avma.org/doi/abs/10.2460/javma.2000.216.687,,,,,,,
1022,3/23,,Reference search,Prevalence of Enteric Zoonotic Agents in Cats less than 1 Year Old in Central New York State,2001,USA,North America,,Y,N,N,263,3,1.14,,,7,Y,Domestic-Domestic,N,,https://onlinelibrary.wiley.com/doi/epdf/10.1111/j.1939-1676.2001.tb02294.x,,,,,,,
1061,3/31,,Reference search,Endoparasites in dogs and cats in Germany 1999–2002,2003,Germany,Europe,,Y,N,N,2473,22,0.8896077638,,,,Y,Domestic-Domestic,N,,https://link.springer.com/article/10.1007/s00436-003-0922-6,,,,,,,
1058,3/31,,Reference search,"Helminth parasites of the house cat, Felis catus, in Connecticut, USA",2003,USA,North America,,Y,N,N,450,3,0.6666666667,,,,Y,Domestic-Domestic,N,,https://bioone.org/journals/Comparative-Parasitology/volume-70/issue-2/1525-2647(2003)070[0115:HPOTHC]2.0.CO;2/Helminth-Parasites-of-the-House-Cat-Felis-catus-in-Connecticut/10.1654/1525-2647(2003)070[0115:HPOTHC]2.0.CO;2.full,,,,,,,
579,3/8,"toxoplasma, felid, species",Pubmed,"Results of parasitological examinations of faecal samples from horses, ruminants, pigs, dogs, cats, hedgehogs and rabbits between 1998 and 2002",2004,Germany,Europe,,Y,N,N,441,3,0.6802721088,,,48,Y,Domestic-Domestic,N,toxoplasma like,https://www.ncbi.nlm.nih.gov/pubmed/15287577,,,,,,,
364,2/28,"toxoplasma, felid, genotype",Pubmed,"Toxoplasma gondii infections in cats from Paraná, Brazil: seroprevalence, tissue distribution, and biologic and genetic characterization of isolates",2004,Brazil,South America,,Y,Y,N,54,33,61.11,"BrI, BrII, BrIII (6, 11, 8), #14, #19, #21, #42, #47, #80, #104, #119, 120, 126",TgCatBr 1-37,,Y,Domestic-Domestic,N,bioassay,https://www.ncbi.nlm.nih.gov/pubmed/15359466,,,,,,,
548,3/8,"toxoplasma, felid, species",Pubmed,"Intestinal parasites in dogs and cats with gastrointestinal symptoms in Santiago, Chile",2006,Chile,South America,Spanish,Y,N,N,230,10,4.35,,,84,Y,Domestic-Domestic,N,,https://scielo.conicyt.cl/scielo.php?script=sci_arttext&pid=S0034-98872006000200009&lng=en&nrm=iso&tlng=en,,,,,,,
14,2/16,toxoplasma AND cat AND shedding,Pubmed,Detection of Toxoplasma gondii-like oocysts in cat feces and estimates of the environmental oocyst burden,2007,USA,North America,,Y,N,N,326,3,0.92,,,24,Y,Domestic-Domestic,N,free range?,https://www.ncbi.nlm.nih.gov/pubmed/18052801,,,,,,,
37,2/16,toxoplasma AND cat AND shedding,Pubmed,Occurrence of Toxoplasma gondii and Hammondia hammondi oocysts in the faeces of cats from Germany and other European countries,2008,"Germany, France, etc.",Europe,,Y,Y,N,24106,26,0.11,II,"TG GER2-22, TGF1, TGF2, TGCHI1, TGA1",24,Y,Domestic-Domestic,N,,https://www.ncbi.nlm.nih.gov/pubmed/18226453,,,,,,,
52,2/16,toxoplasma AND cat AND shedding,Pubmed,Atypical Toxoplasma gondii genotypes identified in oocysts shed by cats in Germany,2010,Germany,Europe,,Y,Y,Y,18259,46,0.25,"II, III, mixed, atypical","TG-GER13, TG-GER02, TG-GER20, TG-GER63, TG-GER61",16,Y,Domestic-Domestic,N,,https://www.ncbi.nlm.nih.gov/pubmed/19695254,,,,,,,
63,2/16,toxoplasma AND cat AND shedding,Pubmed,"Prevalence and genotypes of Toxoplasma gondii in feline faeces (oocysts) and meat from sheep, cattle and pigs in Switzerland",2011,Switzerland,Europe,,Y,Y,N,252,1,0.40,II,,20,Y,Domestic-Domestic,N,"Interestingly, the only cat that shed T. gondii oocysts in our study was over the age of 10 having no outdoor access.",https://www.sciencedirect.com/science/article/pii/S0304401710006965?via%3Dihub,,,,,,,
844,3/10,"toxoplasma, transmission, felid",Pubmed,"Intestinal parasites in dogs and cats from the district of Évora, Portugal",2011,Portugal,Europe,,Y,Y,N,22,1,4.55,,,6,Y,Domestic-Domestic,N,,https://www.sciencedirect.com/science/article/pii/S0304401711001208?via%3Dihub,,,,,,,
556,3/8,"toxoplasma, felid, species",Pubmed,Prevalence of fecal-borne parasites detected by centrifugal flotation in feline samples from two shelters in upstate New York,2011,USA,North America,,Y,N,N,1322,11,0.83,,,42,Y,Domestic-Domestic,N,Toxoplasma like oocysts,https://www.ncbi.nlm.nih.gov/pubmed/21334238,,,,,,,
69,2/16,toxoplasma AND cat AND shedding,Pubmed,Feline toxoplasmosis in Finland: cross-sectional epidemiological study and case series study,2012,Finland,Europe,,Y,Y,N,131,1,0.76,II,,12,Y,Domestic-Domestic,N,,https://www.ncbi.nlm.nih.gov/pubmed/23012380,,,,,,,
331,2/28,"toxoplasma, felid, genotype",Pubmed,"Incidence and genotypes of Toxoplasma gondii in the muscle of sheep, cattle, pigs as well as in cat feces in Switzerland",2012,Switzerland,Europe,German,Y,Y,N,252,1,0.40,II,,,Y,Domestic-Domestic,N,references oocyst shedding,https://sat.gstsvs.ch/fileadmin/media/pdf/archive/2012/06/SAT154060251.pdf,,,,,,,
99,2/21,toxoplasma AND cat AND shedding,WoS,Seroprevalence and factors associated with Toxoplasma gondii infection in domestic cats from urban areas in Latvia,2013,Latvia,Europe,,Y,N,N,80,2,2.50,,,4,Y,Domestic-Domestic,N,"T. gondii-like, not confirmed",https://bioone.org/journals/Journal-of-Parasitology/volume-99/issue-1/GE-3254.1/Seroprevalence-and-Factors-Associated-with-Toxoplasma-gondii-Infection-in-Domestic/10.1645/GE-3254.1.full,,,,,,,
11,2/16,toxoplasma AND cat AND shedding,Pubmed,"Ante-mortem diagnosis, diarrhea, oocyst shedding, treatment, isolation, and genetic typing of Toxoplasma gondii associated with clinical toxoplasmosis in a naturally infected cat",2013,USA,North America,,Y,N,Y,1,1,100.00,#4,TgCatUs9,,Y,Domestic-Domestic,N,,https://doi.org/10.1645/GE-3257.1,,,,,,,
967,3/11,"toxoplasma, felid, oocyst, feces",Pubmed,Toxoplasma gondii prevalence in cats from Lisbon and in pigs from centre and south of Portugal,2014,Portugal,Europe,,N,Y,N,45,16,35.56,,,6,Y,Domestic-Domestic,N,,https://www.ncbi.nlm.nih.gov/pubmed/24418601,,,,,,,
562,3/8,"toxoplasma, felid, species",Pubmed,Enteropathogen co-infection in UK cats with diarrhoea,2014,UK,Europe,,Y,Y,N,1088,11,1.01,,,18,Y,Domestic-Domestic,N,1% prevalence,https://www.ncbi.nlm.nih.gov/pmc/articles/PMC3896830/,,,,,,,
39,2/16,toxoplasma AND cat AND shedding,Pubmed,"Seroprevalence of Toxoplasma gondii (Nicole & Manceaux, 1909) and retroviral status of client-owned pet cats (Felis catus, Linnaeus, 1758) in Rio de Janeiro, Brazil",2014,Brazil,South America,,Y,N,N,54,0,0.00,,,16,Y,Domestic-Domestic,N,,https://www.ncbi.nlm.nih.gov/pubmed/24878997,,,,,,,
360,2/28,"toxoplasma, felid, genotype",Pubmed,A retrospective molecular study of select intestinal protozoa in healthy pet cats from Italy,2015,Italy,Europe,,Y,Y,N,146,15,10.27,"I, II, III",,,Y,Domestic-Domestic,N,,https://www.ncbi.nlm.nih.gov/pubmed/24793744,,,,,,,
10,2/16,toxoplasma AND cat AND shedding,Pubmed,"OCCURRENCE AND GENETIC CHARACTERIZATION OF GRA6 AND SAG2 FROM TOXOPLASMA GONDII OOCYSTS IN CAT FECES, KUNMING, CHINA",2016,China,Asia,,Y,N,Y,115,5,4.35,II,KM,2,Y,Domestic-Domestic,N,,http://www.thaiscience.info/journals/Article/TMPH/10987385.pdf,,,,,,,
6,2/16,toxoplasma AND cat AND shedding,Pubmed,Seasonality in the proportions of domestic cats shedding Toxoplasma gondii or Hammondia hammondi oocysts is associated with climatic factors,2016,Germany,Europe,,Y,Y,N,61224,84,0.14,,,55,Y,Domestic-Domestic,N,,https://www.sciencedirect.com/science/article/pii/S0020751916000072?via%3Dihub,,,,,,,
482,2/29,"toxoplasma, felid, species",Pubmed,Sequence variation in the B1 gene among Toxoplasma gondii isolates from swine and cats in Italy,2017,Italy,Europe,,N,Y,N,77,13,16.88,,,16,Y,Domestic-Domestic,N,,https://www.sciencedirect.com/science/article/pii/S0034528817301601,,,,,,,
487,2/29,"toxoplasma, felid, species",Pubmed,"Prevalence of Toxoplasma gondii and Other Gastrointestinal Parasites in Domestic Cats from Households in Thika Region, Kenya",2017,Kenya,Africa,,Y,N,Y,103,8,7.77,,,3,Y,Domestic-Domestic,N,,https://www.ncbi.nlm.nih.gov/pubmed/28691033,,,,,,,
259,2/22,"toxoplasma, oocyst, shedding",WoS,"Investigation of the diagnostic value of serology, cytology and polymerase chain reaction in cat toxoplasmosis",2017,Turkey,Asia,Turkish,Y,Y,N,102,0,0.00,,,,Y,Domestic-Domestic,N,,http://vetjournal.ankara.edu.tr/tr/issue/43287/526070,,,,,,,
16,2/16,toxoplasma AND cat AND shedding,Pubmed,Detection of Toxoplasma gondii in faeces of privately owned cats using two PCR assays targeting the B1 gene and the 529-bp repetitive element,2017,Italy,Europe,,Y,Y,N,78,16,20.51,,,14,Y,Domestic-Domestic,N,,https://www.ncbi.nlm.nih.gov/pubmed/28127718,,,,,,,
319,2/26,"toxoplasma, felid, genotype",Pubmed,"Abundance, zoonotic potential and risk factors of intestinal parasitism amongst dog and cat populations: The scenario of Crete, Greece",2017,Greece,Europe,,Y,N,N,264,1,0.38,,,40,Y,Domestic-Domestic,N,,https://www.ncbi.nlm.nih.gov/pubmed/28122583,,,,,,,
959,3/11,"toxoplasma, felid, oocyst, feces",Pubmed,"10-year parasitological examination results (2003 to 2012) of faecal samples from horses, ruminants, pigs, dogs, cats, rabbits and hedgehogs",2017,Germany,Europe,,Y,N,N,903,6,0.66,,,120,Y,Domestic-Domestic,N,t gondii like,https://link.springer.com/article/10.1007%2Fs00436-017-5646-0,,,,,,,
461,2/29,"toxoplasma, felid, species",Pubmed,"Prevalence of Toxoplasma gondii and other intestinal parasites in cats in Tokachi sub-prefecture, Japan",2018,Japan,Asia,,Y,N,N,351,1,0.28,,,9,Y,Domestic-Domestic,N,,https://www.ncbi.nlm.nih.gov/pubmed/29731476,,,,,,,
946,3/10,"toxoplasma, felid, oocyst, feces",Pubmed,"Prevalence of Toxoplasma gondii oocysts through Copro-PCR in cats at Pet Center (UVAS), Lahore, Pakistan",2018,Pakistan,Asia,,Y,Y,N,470,11,2.34,,,12,Y,Domestic-Domestic,N,,https://www.ncbi.nlm.nih.gov/pubmed/29371731,,,,,,,
467,2/29,"toxoplasma, felid, species",Pubmed,"Intestinal parasites and lungworms in stray, shelter and privately owned cats of Switzerland",2019,Switzerland,Europe,,Y,N,N,664,4,0.60,,,,Y,Domestic-Domestic,N,,https://www.sciencedirect.com/science/article/pii/S1383576918303994?via%3Dihub,,,,,,,
1115,2/2/21,"toxoplasma, cat, shedding",WoS,"Prevalence of Toxoplasma gondii in pet and stray cats in Klang Valley, Malaysia",2020,Malaysia,Asia,,N,Y,N,201,21,10.45,,,,Y,Domestic-Domestic,N,,https://msptm.org/files/Vol37No3/542-550-Watanabe-M.pdf,,,,,,,
1111,2/2/21,"toxoplasma, felid, oocyst, feces",Pubmed,Potential sources of infection with selected zoonotic agents in the veterinary work environment - pilot studies,2020,Poland,Europe,,N,Y,N,65,0,0.00,,,,Y,Domestic-Domestic,N,,https://pubmed.ncbi.nlm.nih.gov/32208594/,,,,,,,
1103,2/2/21,"toxoplasma, transmission, felid",Pubmed,Seroprevalence of Toxoplasma gondii in household cats in Myanmar and molecular identification of parasites using feline faecal oocysts,2020,Myanmar,Asia,,Y,Y,N,30,6,20.00,,,,Y,Domestic-Domestic,N,,https://www.ncbi.nlm.nih.gov/pmc/articles/PMC7502821/,,,,,,,
1110,2/2/21,"toxoplasma, felid, oocyst, feces",Pubmed,Copro-molecular diagnosis of the Toxoplasmatinae subfamily in dog and cat populations in northern Iran,2020,Iran,Asia,,Y,Y,N,80,18,22.50,,,,Y,Domestic-Domestic,N,,https://www.e-epih.org/journal/view.php?doi=10.4178/epih.e2020074,,,,,,,
1005,3/12,"toxoplasma, felid, oocyst, feces",Pubmed,Retrospective survey of parasitism identified in feces of client-owned cats in North America from 2007 through 2018,2020,USA,North America,,Y,N,N,2586,1,0.04,,,144,Y,Domestic-Domestic,N,t gondii like,https://www.ncbi.nlm.nih.gov/pubmed/31841945,,,,,,,
817,3/10,"toxoplasma, transmission, felid",Pubmed,Experimental transmission of Toxoplasma gondii,1965,USA,North America,,Y,N,Y,1,1,100.00,II,Beverly,,Y,Domestic-Exp,N,,https://www.nature.com/articles/206961a0.pdf,,,,,,,
1050,3/26,,Reference search,Isolation of Toxoplasma gondii from the Feces of a Helminth Free Cat,1968,UK,Europe,,Y,N,N,2,2,100,II,Beverly,4,Y,Domestic-Exp,N,,https://onlinelibrary.wiley.com/doi/pdf/10.1111/j.1550-7408.1968.tb02211.x,,,,,,,
1051,3/26,,Reference search,The faecal transmission of Toxoplasma gondii.,1968,Denmark,Europe,,Y,N,Y,55,18,32.72727273,,,,Y,Domestic-Exp,N,no link to full article,https://onlinelibrary.wiley.com/doi/abs/10.1111/j.1699-0463.1968.tb03501.x,,,,,,,
867,3/10,"toxoplasma, transmission, felid",Pubmed,Observations on the faecal transmission of Toxoplasma gondii,1969,UK,Europe,,Y,N,Y,2,2,100.00,,,1,Y,Domestic-Exp,N,,https://www.cabdirect.org/cabdirect/abstract/19702901364,,,,,,,
1048,3/26,,Reference search,Life cycle of toxoplasma gondii.,1969,UK,Europe,,Y,N,N,2,2,100,,,,Y,Domestic-Exp,N,,https://www.ncbi.nlm.nih.gov/pmc/articles/PMC1630290/?page=1,,,,,,,
668,3/10,"toxoplasma, transmission, felid",Pubmed,Toxoplasma gondii: transmission through feces in absence of Toxocara cati eggs,1969,USA,North America,,Y,N,Y,4,4,100,III,M7741,0.5,Y,Domestic-Exp,N,,https://science.sciencemag.org/content/164/3878/431,,,,,,,
892,3/10,"toxoplasma, transmission, felid",Pubmed,Toxoplasma gondii: fecal forms separated from eggs of the nematode Toxocara cati,1969,USA,North America,,Y,N,Y,10,10,100.00,III,M7741,,Y,Domestic-Exp,N,,https://www.jstor.org/stable/1726597?Search=yes&resultItemClick=true&searchText=Toxoplasma&searchText=gondii&searchText=Fecal&searchText=Forms&searchText=Separated&searchText=from&searchText=Eggs&searchText=of&searchText=the&searchText=Nematode&searchText=Toxocara&searchText=cati&searchUri=%2Faction%2FdoBasicSearch%3FQuery%3DToxoplasma%2Bgondii%253A%2BFecal%2BForms%2BSeparated%2Bfrom%2BEggs%2Bof%2Bthe%2BNematode%2BToxocara%2Bcati%26amp%3Bfilter%3D&ab_segments=0%2Fbasic_SYC-5004%2Ftest&refreqid=search%3Ad9ae1177355709955e2268eb70712efc&seq=1#metadata_info_tab_contents,,,,,,,
611,3/8,"toxoplasma, felid, species",Pubmed,Die Oocysten-Ausscheidung bei experimentell infizierten Katzen in Abhängigkeit vom Toxoplasma-Stamm,1970,Germany,Europe,German,Y,N,N,23,17,73.91304348,II,Gail,,Y,Domestic-Exp,N,,https://link.springer.com/content/pdf/10.1007/BF00331472.pdf,,,,,,,
970,3/11,"toxoplasma, felid, oocyst, feces",Pubmed,Coccidian-like nature of Toxoplasma gondii,1970,UK,Europe,,Y,N,N,2,2,100.00,,,,Y,Domestic-Exp,N,,https://www.ncbi.nlm.nih.gov/pmc/articles/PMC1699084/,,,,,,,
1047,3/26,,Reference search,"The identity of Toxoplasma Nicolle and Manceaux, 1909 with Isospora Schneider, 1881",1970,Netherlands,Europe,,Y,N,Y,4,4,100,,,,Y,Domestic-Exp,N,,https://www.cabdirect.org/cabdirect/abstract/19702902002,,,,,,,
490,2/29,"toxoplasma, felid, species",Pubmed,The Toxoplasma gondii oocyst from cat feces,1970,USA,North America,,Y,N,Y,50,35,70.00,III,M7741,2,Y,Domestic-Exp,N,,https://www.ncbi.nlm.nih.gov/pmc/articles/PMC2138867/,,,,,,,
512,3/8,"toxoplasma, felid, species",Pubmed,Toxoplasma gondii in cats: fecal stages identified as coccidian oocysts,1970,USA,North America,,Y,N,Y,9,7,77.78,III,M7741,1,Y,Domestic-Exp,N,,https://www.jstor.org/stable/1728441?seq=1#metadata_info_tab_contents,,,,,,,
1042,3/24,,Reference search,Characterization of the New Fecal Form of Toxoplasma gondii,1970,USA,North America,,Y,N,Y,52,46,88.46,III,M7741,3,Y,Domestic-Exp,N,many experiments,https://www.jstor.org/stable/3277601?seq=2#metadata_info_tab_contents,,,,,,,
612,3/8,"toxoplasma, felid, species",Pubmed,Experimental and histological studies on Toxoplasma infections in house cats,1971,Germany,Europe,German,Y,N,Y,23,16,69.56521739,I,RH,,Y,Domestic-Exp,N,,https://rd.springer.com/content/pdf/10.1007/BF00259582.pdf,,,,,,,
1049,3/26,,Reference search,"The life cycle of the coccidian parasite, Toxoplasma gondii, in the domestic cat",1971,UK,Europe,,Y,N,N,17,9,52.94117647,,,,Y,Domestic-Exp,N,,https://academic.oup.com/trstmh/article-abstract/65/3/380/1932172,,,,,,,
571,3/8,"toxoplasma, felid, species",Pubmed,Experimental toxoplasma infection in mice with strains producing oocysts,1973,USA,North America,,N,N,Y,4,4,100,III,"M7741, S1, BWN, Aldrin",,Y,Domestic-Exp,N,cats infected to obtain oocysts,https://www.jstor.org/stable/3278784?seq=2#metadata_info_tab_contents,,,,,,,
1045,3/24,,Reference search,Untersuchungen über die Möglichkeit der Ausscheidung von Toxoplasmen in Sekreten und Exkreten nach oraler Infektion mit Toxoplasma-Zysten und-Oozysten bei der Katze,1973,Germany,Europe,German,Y,N,N,5,4,80.00,,Ktz 1983,,Y,Domestic-Exp,N,,https://agris.fao.org/agris-search/search.do?recordID=US201303244097,,,,,,,
1020,3/12,"toxoplasma, felid, oocyst, feces",Pubmed,Presence of toxoplasma in secretions and excretions of the cat following oral infection with toxoplasma cysts and -oocysts,1973,Germany,Europe,German,Y,N,Y,12,10,83.33,,,,Y,Domestic-Exp,N,no link to full article,,,,,,,,
1038,3/24,,Reference search,Experimentelle Toxoplasma-Infektionen bei der Katze. III. Entwicklungsstadien nach oraler ToxoplasmaOozysten-Infektion im Darm der Katze,1974,Germany,Europe,German,Y,N,Y,5,3,60.00,,Ktz938,,Y,Domestic-Exp,N,,https://agris.fao.org/agris-search/search.do?recordID=US201303128901,,,,,,,
72,2/16,toxoplasma AND cat AND shedding,Pubmed,Feline toxoplasmosis from acutely infected mice and the development of Toxoplasma cysts,1976,USA,North America,,Y,N,N,43,8,16-100,III,M7741,2,Y,Domestic-Exp,N,"multiple experiments in this paper, over pooled prevalence calculated",https://onlinelibrary.wiley.com/doi/epdf/10.1111/j.1550-7408.1976.tb03836.x,,,,,,,
785,3/10,"toxoplasma, transmission, felid",Pubmed,Attempted transmission of feline coccidia from chronically infected queens to their kittens,1977,USA,North America,,Y,N,N,55,9,16.36,,,,Y,Domestic-Exp,N,,https://www.ncbi.nlm.nih.gov/pubmed/557469,,,,,,,
708,3/10,"toxoplasma, transmission, felid",Pubmed,Transmission of toxoplasma oocysts from domestic cats to rabbits,1979,Germany,Europe,German,Y,N,N,10,9,90.00,II,Gail,,Y,Domestic-Exp,N,,https://europepmc.org/article/med/44948,,,,,,,
1018,3/12,"toxoplasma, felid, oocyst, feces",Pubmed,Oocyst formation in cats survived after intraperitoneal inoculation of Toxoplasma cysts,1981,Japan,Asia,,Y,N,Y,9,5,55.56,,,1.5,Y,Domestic-Exp,N,,https://www.jstage.jst.go.jp/article/jvms1939/43/3/43_3_345/_pdf/-char/en,https://pubmed.ncbi.nlm.nih.gov/7321361/,,,,,,
1041,3/24,,Reference search,Experimental feline toxoplasmosis,1981,Japan,Asia,,Y,N,N,3,1,33.33,,NF-21,,Y,Domestic-Exp,N,,,,,,,,,
204,2/21,toxoplasma AND felid AND shedding,Pubmed,Sex determination and sex differentiation in Isospora (Toxoplasma) gondii,1981,Netherlands,Europe,,Y,N,Y,8,7,87.50,,KB,1,Y,Domestic-Exp,N,,https://www.sciencedirect.com/science/article/pii/0035920381902145,,,,,,,
1043,3/24,,Reference search,Versuche zur Verhinderung der Ausscheidung von Toxoplasma-Oozysten im Katzenkot durch medikiertes Futter,1982,Germany,Europe,German,Y,N,N,6,1,16.67,,GTPI,,Y,Domestic-Exp,N,,https://agris.fao.org/agris-search/search.do?recordID=US201300358203,,,,,,,
1046,3/24,,Reference search,Caracterizacion de l cepa V-1 de Toxoplasma gondii (Sporozoa). II. Inoculacion en hospedadores definitivos,1983,,,Spanish,Y,N,N,2,2,100.00,,Ktz 1983,,Y,Domestic-Exp,N,,https://agris.fao.org/agris-search/search.do?recordID=US201302139202,,,,,,,
1040,3/24,,Reference search,Verlauf der Antikörpertiter im Serum von Katzen nach experimenteller infektion mit Toxoplasma gondii und Hammondia hammondi,1985,Germany,Europe,German,Y,N,N,33,3,9.09,,GPTI,,Y,Domestic-Exp,N,,https://agris.fao.org/agris-search/search.do;jsessionid=779F48AFE54ABF9EE0C7890035E14225?request_locale=es&recordID=US201300401036&sourceQuery=&query=&sortField=&sortOrder=&agrovocString=&advQuery=&centerString=&enableField=&aggregatorField=&typeresultsField=,,,,,,,
1044,3/24,,Reference search,Versuche zur Unterdrückung der Bildung von Oozysten und Zysten von Toxoplasma gondii in Katzen durch Medikation des Futters mit Toltrazuril,1986,Germany,Europe,German,Y,N,N,5,2,40.00,,GTPI,,Y,Domestic-Exp,N,,,,,,,,,
962,3/11,"toxoplasma, felid, oocyst, feces",Pubmed,Oocyst-induced Toxoplasma gondii infections in cats,1989,USA,North America,,Y,N,Y,25,1,4.00,III,"T1, T265 (M7741)",1,Y,Domestic-Exp,N,,https://www.jstor.org/stable/3283060?seq=1#metadata_info_tab_contents,,,,,,,
1015,3/12,"toxoplasma, felid, oocyst, feces",Pubmed,Experimental feline toxoplasmosis: humoral immune responses of cats inoculated orally with Toxoplasma gondii cysts and oocysts,1990,Japan,Asia,,Y,N,N,3,3,100.00,,S-273,3,Y,Domestic-Exp,N,,https://www.jstage.jst.go.jp/article/jvms1939/52/4/52_4_865/_pdf/-char/en,,,,,,,
62,2/16,toxoplasma AND cat AND shedding,Pubmed,Concurrent infection with Toxoplasma gondii and feline leukemia virus. Antibody response and oocyst production,1991,USA,North America,,Y,N,N,4,4,100.00,,,3,Y,Domestic-Exp,N,2 controls not fed cysts,https://www.ncbi.nlm.nih.gov/pubmed/1920257,,,,,,,
80,2/16,toxoplasma AND cat AND shedding,Pubmed,Prospective vaccine prepared from a new mutant of Toxoplasma gondii for use in cats,1991,USA,North America,,Y,N,N,37,6,16.22,III,T-263,,Y,Domestic-Exp,N,not all kittens protected against shedding,https://www.ncbi.nlm.nih.gov/pubmed/1854103,,,,,,,
142,2/21,toxoplasma AND cat AND shedding,WoS,CELLULAR-RESPONSES OF CATS WITH PRIMARY TOXOPLASMOSIS,1991,USA,North America,,Y,N,N,4,4,100.00,III,T264 (M7741),2,Y,Domestic-Exp,N,,https://www.jstor.org/stable/3283096?seq=4#metadata_info_tab_contents,,,,,,,
875,3/10,"toxoplasma, transmission, felid",Pubmed,"Examination of tissue cyst formation by Toxoplasma gondii in cell cultures using bradyzoites, tachyzoites, and sporozoites",1991,USA,North America,,Y,N,Y,9,7,77.78,I (#10),GT-1,,Y,Domestic-Exp,N,,https://www.ncbi.nlm.nih.gov/pubmed/1992083,,,,,,,
1053,3/31,,Reference search,Isoenzyme Analysis of 35 Toxoplasma gondii Isolates and the Biological and Epidemiological Implications,1992,France,Europe,,Y,N,N,20,16,80,,"S1, S2, S3, PRUGNIAUD, CHAM, BOU, CH1, CH2, 76K, Beverly, M7741, CEP, NED, C, ELG, CHAMON",,Y,Domestic-Exp,N,,https://www.jstor.org/stable/3283305?origin=crossref&seq=1#metadata_info_tab_contents,,,,,,,
145,2/21,toxoplasma AND cat AND shedding,WoS,Effect of primary phase feline immunodeficiency virus infection on cats with chronic toxoplasmosis,1992,USA,North America,,Y,N,N,10,6,60.00,II,ME49,4,Y,Domestic-Exp,N,,https://www.sciencedirect.com/science/article/pii/016524279290125A,,,,,,,
986,3/12,"toxoplasma, felid, oocyst, feces",Pubmed,Experimental toxoplasmosis in pregnant cats,1993,Japan,Asia,,Y,N,Y,9,9,100.00,,K,,Y,Domestic-Exp,N,unclear if kittens shed oocysts,https://www.ncbi.nlm.nih.gov/pubmed/8117796,,,,,,,
74,2/16,toxoplasma AND cat AND shedding,Pubmed,"Immunization of cats with tissue cysts, bradyzoites, and tachyzoites of the T-263 strain of Toxoplasma gondii",1993,USA,North America,,Y,N,N,7,5,71.43,III,"T-263, T-265 (from M7741)",2,Y,Domestic-Exp,N,,https://www.ncbi.nlm.nih.gov/pubmed/8410543,,,,,,,
104,2/21,toxoplasma AND cat AND shedding,WoS,TRANSFER OF ANTIBODIES TO KITTENS FROM MOTHER CATS CHRONICALLY INFECTED WITH TOXOPLASMA-GONDI,1994,Japan,Asia,,Y,N,N,30,4,13.33,,S273,3,Y,Domestic-Exp,N,,https://www.sciencedirect.com/science/article/pii/0304401794901139,,,,,,,
1039,3/24,,Reference search,Evaluierung diagnostischer Tests zur Untersuchung von Infektionen mit Toxoplasma gondii bei Katzen und Schafen,1995,Germany,Europe,German,Y,N,N,6,6,100.00,,"KSPI, GPTI ",,Y,Domestic-Exp,N,,https://agris.fao.org/agris-search/search.do?recordID=US201300300245,,,,,,,
134,2/21,toxoplasma AND cat AND shedding,WoS,Diagnosis of induced toxoplasmosis in neonatal cats,1995,USA,North America,,Y,N,N,51,11,21.57,,,,Y,Domestic-Exp,N,,https://europepmc.org/article/med/7601711,,,,,,,
53,2/16,toxoplasma AND cat AND shedding,Pubmed,Toxoplasma gondii: experimental infection in cats vaccinated with 60Co-irradiated tachyzoites,1996,Japan,Asia,,Y,N,Y,21,18,85.71,I,RH,1,Y,Domestic-Exp,N,Vaccine study?,https://www.sciencedirect.com/science/article/pii/S0304401796009739?via%3Dihub,,,,,,,
73,2/16,toxoplasma AND cat AND shedding,Pubmed,Infectivity and pathogenicity of Toxoplasma gondii oocysts for cats,1996,USA,North America,,Y,N,N,20,8,40.00,III,VEG,1.16,Y,Domestic-Exp,N,,https://www.ncbi.nlm.nih.gov/pubmed/8973406,,,,,,,
94,2/21,toxoplasma AND cat AND shedding,WoS,Primary and secondary Toxoplasma gondii infection in normal and feline immunodeficiency virus-infected cats,1996,USA,North America,,Y,N,N,59,59,100.00,II,ME49,16,Y,Domestic-Exp,N,FiV/non FIV cats,https://www.jstor.org/stable/3283884?seq=1#metadata_info_tab_contents,,,,,,,
133,2/21,toxoplasma AND cat AND shedding,WoS,"Oocyst-induced murine toxoplasmosis: Life cycle, pathogenicity, and stage conversion in mice fed Toxoplasma gondii oocysts",1997,USA,North America,,Y,N,N,,,,III,VEG,,Y,Domestic-Exp,N,unclear about number of cats,https://europepmc.org/article/med/9379292,,,,,,,
103,2/21,toxoplasma AND cat AND shedding,WoS,Infectivity of feline enteroepithelial stages of Toxoplasma gondii isolated by Percoll-density gradient centrifugation,1999,Japan,Asia,,Y,N,N,4,4,100.00,"I, II","RH, Beverly",1,Y,Domestic-Exp,N,,https://www.sciencedirect.com/science/article/pii/S0304401799000199,,,,,,,
81,2/16,toxoplasma AND cat AND shedding,Pubmed,Detection of Toxoplasma gondii parasitemia in experimentally inoculated cats,1999,USA,North America,,Y,N,Y,5,5,100.00,II,"Maggie, Mozart",6,Y,Domestic-Exp,N,,https://www.jstor.org/stable/3285833?origin=crossref&seq=3#metadata_info_tab_contents,,,,,,,
32,2/16,toxoplasma AND cat AND shedding,Pubmed,Oocyst shedding by cats fed isolated bradyzoites and comparison of infectivity of bradyzoites of the VEG strain Toxoplasma gondii to cats and mice,2001,USA,North America,,Y,N,Y,24,13,54.17,III,VEG,1,Y,Domestic-Exp,N,,https://doi.org/10.1645/0022-3395(2001)087[0215:OSBCFI]2.0.CO;2,,,,,,,
45,2/16,toxoplasma AND cat AND shedding,Pubmed,Detection of Toxoplasma gondii in the milk of experimentally infected lactating cats,2001,USA,North America,,Y,N,N,6,6,100.00,II,"Mozart, Maggie, ME-49",3-4,Y,Domestic-Exp,N,,https://www.sciencedirect.com/science/article/pii/S0304401701005210?via%3Dihub,,,,,,,
86,2/21,toxoplasma AND cat AND shedding,WoS,Tachyzoite-induced life cycle of Toxoplasma gondii in cats,2002,USA,North America,,Y,N,N,26,13,50.00,"III, II","M7741, ME49",1,Y,Domestic-Exp,N,,https://bioone.org/journals/Journal-of-Parasitology/volume-88/issue-4/0022-3395(2002)088[0713:TILCOT]2.0.CO;2/TACHYZOITE-INDUCED-LIFE-CYCLE-OF-TOXOPLASMA-GONDII-IN-CATS/10.1645/0022-3395(2002)088[0713:TILCOT]2.0.CO;2.full,,,,,,,
105,2/21,toxoplasma AND cat AND shedding,WoS,Low virulence of oocysts of Czech Toxoplasma gondii isolates on the basis of biological and genetic characteristics,2003,Czech Republic,Europe,,Y,N,Y,7,7,100.00,,"K19, K2, K21, K7, K25, K9, K1",1,Y,Domestic-Exp,N,,https://bioone.org/journals/Journal-of-Parasitology/volume-89/issue-4/GE-81R/LOW-VIRULENCE-OF-OOCYSTS-OF-CZECH-TOXOPLASMA-GONDII-ISOLATES-ON/10.1645/GE-81R.full?casa_token=g9Sz7WvIcpwAAAAA%3axzQFhnNSQJAs8UAxdmWjCrzx0RmYs2tQcQg0kX535fZF9lMdZFlz-b0RdBNAbGedKt0xltuTyw,,,,,,,
17,2/16,toxoplasma AND cat AND shedding,Pubmed,Unexpected oocyst shedding by cats fed Toxoplasma gondii tachyzoites: in vivo stage conversion and strain variation,2005,USA,North America,,Y,N,N,151,94,62.25,"III, I","VEG, TgCkAr23",1,Y,Domestic-Exp,N,,https://www.sciencedirect.com/science/article/pii/S0304401705003006?via%3Dihub,,,,,,,
40,2/16,toxoplasma AND cat AND shedding,Pubmed,Comparative infectivity of oocysts and bradyzoites of Toxoplasma gondii for intermediate (mice) and definitive (cats) hosts,2006,USA,North America,,Y,N,N,41,15,3.4-36.5,I,TgCkAr23,1,Y,Domestic-Exp,N,,https://www.ncbi.nlm.nih.gov/pubmed/16647212,,,,,,,
102,2/21,toxoplasma AND cat AND shedding,WoS,Anterior uveitis in a kitten infected with Toxoplasma gondii (Tehran strain),2007,Iran,Asia,,Y,N,N,7,7,100.00,II,Tehran strain,1,Y,Domestic-Exp,N,,https://www.sid.ir/en/Journal/ViewPaper.aspx?ID=61688,,,,,,,
28,2/16,toxoplasma AND cat AND shedding,Pubmed,Protective activity against oocyst shedding in cats vaccinated with crude rhoptry proteins of the Toxoplasma gondii by the intranasal route,2007,Brazil,South America,,Y,N,N,11,7,63.64,"I, III","LIV-5, VEG",0.33,Y,Domestic-Exp,N,,https://www.sciencedirect.com/science/article/pii/S0304401707000301?via%3Dihub,,,,,,,
952,3/10,"toxoplasma, felid, oocyst, feces",Pubmed,Quantitative toxoplasma gondii oocyst detection by a modified Kato Katz test using Kinyoun staining (KKK) in ME49 strain experimentally infected cats,2008,Brazil,South America,,Y,N,N,4,4,100.00,II,ME49,1,Y,Domestic-Exp,N,,http://www.scielo.br/scielo.php?script=sci_arttext&pid=S0036-46652008000300010&lng=en&nrm=iso&tlng=en,,,,,,,
50,2/16,toxoplasma AND cat AND shedding,Pubmed,A comparative analysis of coprologic diagnostic methods for detection of Toxoplama gondii in cats,2010,Israel,Asia,,Y,Y,Y,3,3,100.00,III,VEG,1.16,Y,Domestic-Exp,N,comparison of detection methods,https://www.ncbi.nlm.nih.gov/pmc/articles/PMC2861373/,,,,,,,
752,3/10,"toxoplasma, transmission, felid",Pubmed,Cats and Toxoplasma: implications for public health,2010,,,,Y,N,N,6,6,100.00,,,,Y,Domestic-Exp,N,used to find other papers,https://onlinelibrary.wiley.com/doi/full/10.1111/j.1863-2378.2009.01273.x,,,,,,,
954,3/10,"toxoplasma, felid, oocyst, feces",Pubmed,Development of a sensitive method for Toxoplasma gondii oocyst extraction in soil,2011,France,Europe,,Y,N,N,1,1,100.00,II,"PIG3, PRU",,Y,Domestic-Exp,N,,https://www.sciencedirect.com/science/article/pii/S0304401711004468?via%3Dihub,,,,,,,
328,2/26,"toxoplasma, felid, genotype",Pubmed,"Toxoplasma gondii sexual cross in a single naturally infected feline host: generation of highly mouse-virulent and avirulent clones, genotypically different from clonal types I, II and III",2012,Germany,Europe,,Y,N,Y,1,1,100.00,II/III,TG-GER63,,Y,Domestic-Exp,N,,https://link.springer.com/article/10.1186/1297-9716-43-39,,,,,,,
197,2/21,toxoplasma AND cat AND shedding,WoS,Methods to produce and safely work with large numbers of Toxoplasma gondii oocysts and bradyzoite cysts,2012,USA,North America,,Y,N,N,5,5,100.00,II,M4,0.5,Y,Domestic-Exp,N,,https://europepmc.org/backend/ptpmcrender.fcgi?accid=PMC4281032&blobtype=pdf,,,,,,,
24,2/16,toxoplasma AND cat AND shedding,Pubmed,Oocyst shedding in cats vaccinated by the nasal and rectal routes with crude rhoptry proteins of Toxoplasma gondii,2012,Brazil,South America,,Y,N,N,25,25,100.00,"I, II","LIV-5, ME49",1,Y,Domestic-Exp,N,,https://www.ncbi.nlm.nih.gov/pubmed/22542988,,,,,,,
117,2/21,toxoplasma AND cat AND shedding,WoS,Serial Monoxenous Transmission of Toxoplasma gondii in Cats,2013,USA,North America,,Y,N,N,5,1,20.00,II,"ME49, Dubey",,Y,Domestic-Exp,N,"trial to isolate strain ME49, Beverly, Dubey",https://bioone.org/journals/Journal-of-Parasitology/volume-99/issue-6/13-280.1/Serial-Monoxenous-Transmission-of-Toxoplasma-gondii-in-Cats/10.1645/13-280.1.full?casa_token=gEmx6Uawz0gAAAAA%3aG4HlIVlW5HPiTSDoPbQLeDrgdCYk1K-SA2Yo6wRGm6ubCNK0My7x-cAcoQm1nmoqWpeProdbVQ,,,,,,,
127,2/21,toxoplasma AND cat AND shedding,WoS,An Experimental Toxoplasma gondii Dose Response Challenge Model to Study Therapeutic or Vaccine Efficacy in Cats,2014,Netherlands,Europe,,Y,Y,N,15,15,100.00,II,M4,4,Y,Domestic-Exp,N,,https://journals.plos.org/plosone/article/file?id=10.1371/journal.pone.0104740&type=printable,,,,,,,
342,2/28,"toxoplasma, felid, genotype",Pubmed,Geographic separation of domestic and wild strains of Toxoplasma gondii in French Guiana correlates with a monomorphic version of chromosome1a,2014,French Guiana,South America,,Y,N,Y,14,7,50.00,"#1, #2, #3","TgA18020, 18028, 18012, 18003, 18006, TgH18007, 18008",,Y,Domestic-Exp,N,,https://www.ncbi.nlm.nih.gov/pmc/articles/PMC4169257/,,,,,,,
30,2/16,toxoplasma AND cat AND shedding,Pubmed,Effect of oral administration of cyclosporine on Toxoplasma gondii infection status of cats,2015,USA,North America,,Y,N,N,30,30,100.00,II,Mozart,4.5,Y,Domestic-Exp,N,,https://www.ncbi.nlm.nih.gov/pubmed/25815576,,,,,,,
3,2/16,toxoplasma AND cat AND shedding,Pubmed,Detection of Toxoplasma gondii DNA by qPCR in the feces of a cat that recently ingested infected prey does not necessarily imply oocyst shedding,2016,USA,North America,,N,Y,N,1,0,0.00,II,ME49,0.26,Y,Domestic-Exp,N,,https://www.ncbi.nlm.nih.gov/pubmed/27449050,,,,,,,
710,3/10,"toxoplasma, transmission, felid",Pubmed,Molecular investigation on the occurrence of Toxoplasma gondii oocysts in cat feces using TOX-element and ITS-1 region targets,2016,Thailand,Asia,,Y,Y,N,254,12,4.72,,,8,Y,Domestic-Exp,N,,https://www.ncbi.nlm.nih.gov/pubmed/27325616,,,,,,,
1021,3/14,,Reference search,rROP2 from Toxoplasma gondii as a potential vaccine against oocyst shedding in domestic cats,2017,USA,North America,,Y,Y,N,12,12,100.00,"I, II","RH, ME49",4.33,Y,Domestic-Exp,N,,http://www.scielo.br/scielo.php?script=sci_arttext&pid=S1984-29612017000100067&lng=en&nrm=iso&tlng=en,,,,,,,
47,2/16,toxoplasma AND cat AND shedding,Pubmed,Evaluation of immunogenicity and protection of the Mic1-3 knockout Toxoplasma gondii live attenuated strain in the feline host,2020,France,Europe,,Y,N,N,9,9,100.00,III,T263,5,Y,Domestic-Exp,N,vaccine study,https://www.sciencedirect.com/science/article/pii/S0264410X19316305?via%3Dihub,,,,,,,
1078,2/2/21,"toxoplasma, cat, shedding",Pubmed,Antibody kinetics and exposure to Toxoplasma gondii in cats: a seroepidemiological study,2020,Switzerland,Europe,,Y,N,N,6,4,66.67,,,1,Y,Domestic-Exp,N,,https://www.zora.uzh.ch/id/eprint/194053/1/194053.pdf,,,,,,,
991,3/12,"toxoplasma, felid, oocyst, feces",Pubmed,Toxoplasma gondii oocysts in the faeces of naturally infected cat,1973,Italy,Europe,,Y,N,Y,250,1,0.40,,,,Y,Domestic-FR,Y,,https://www.ncbi.nlm.nih.gov/pmc/articles/PMC1589199/?page=1,,,,,,,
997,3/12,"toxoplasma, felid, oocyst, feces",Pubmed,Sarcocystis in mice inoculated with toxoplasma-like oocysts from cat feces,1973,USA,North America,,Y,N,Y,1,1,100.00,,,,Y,Domestic-FR,Y,experimental cats not specified,https://www.ncbi.nlm.nih.gov/pubmed/4196874,,,,,,,
1037,3/24,,Reference search,The role of the cat in the natural history of Toxoplasma gondii,1973,USA,North America,,Y,N,Y,1604,12,0.75,,,24,Y,Domestic-FR,Y,exp,https://www.ajtmh.org/content/journals/10.4269/ajtmh.1973.22.313,,,,,,,
999,3/12,"toxoplasma, felid, oocyst, feces",Pubmed,Small type of Isospora bigemina: isolation from naturally infected cats and relations with toxoplasma oocyst,1974,Japan,Asia,,Y,N,N,446,4,0.90,,,,Y,Domestic-FR,Y,,https://www.cabdirect.org/cabdirect/abstract/19752900955,,,,,,,
493,3/8,"toxoplasma, felid, species",Pubmed,Observations on a feline coccidium with some characteristics of Toxoplasma and Sarcocystis,1975,USA,North America,,Y,N,Y,1,1,100.00,,,,Y,Domestic-FR,Y,"exp, Oocysts similar to toxo, not pcr confirmed",https://link.springer.com/content/pdf/10.1007/BF00389874.pdf,,,,,,,
49,2/16,toxoplasma AND cat AND shedding,Pubmed,Toxoplasma infection of stray cats in Egypt,1976,Egypt,Africa,,Y,N,Y,33,8,24.24,,,,Y,Domestic-FR,Y,,https://www.ncbi.nlm.nih.gov/pubmed/1263297,,,,,,,
930,3/10,"toxoplasma, transmission, felid",Pubmed,Isolation of Toxoplasma gondii strains from faeces of stray cats in Czechoslovakia (author's transl),1977,Czech Republic,Europe,,Y,N,Y,91,4,4.40,,,12,Y,Domestic-FR,Y,,,,,,,,,
990,3/12,"toxoplasma, felid, oocyst, feces",Pubmed,Examination of cats for the elimination of Toxoplasma gondii oocysts,1979,Czech Republic,Europe,,Y,N,Y,202,1,0.50,,,,Y,Domestic-FR,Y,,https://www.ncbi.nlm.nih.gov/pubmed/105452,,,,,,,
29,2/16,toxoplasma AND cat AND shedding,Pubmed,Toxoplasma gondii in Costa Rican cats,1980,Costa Rica,North America,,Y,N,Y,237,55,23.21,,,,Y,Domestic-FR,Y,repeat,https://www.ajtmh.org/docserver/fulltext/14761645/29/6/TM0290061150.pdf?expires=1584996756&id=id&accname=12217&checksum=C72421768694B36FD8CE960833BCBF6C,,,,,,,
67,2/16,toxoplasma AND cat AND shedding,Pubmed,"Toxoplasma gondii infection of cats in Beirut, Lebanon",1985,Lebanon,Asia,,Y,N,N,313,31,9.90,,,35,Y,Domestic-FR,Y,,https://www.ncbi.nlm.nih.gov/pubmed/3915329,,,,,,,
1006,3/12,"toxoplasma, felid, oocyst, feces",Pubmed,Detection of Toxoplasma cysts and oocysts in an urban environment in a developed country,1985,Australia,Australia,,Y,N,Y,115,0,0.00,,,,Y,Domestic-FR,Y,,https://www.tandfonline.com/doi/abs/10.3109/00313028509105508,,,,,,,
966,3/11,"toxoplasma, felid, oocyst, feces",Pubmed,Incidence of Toxoplasma gondii oocysts in cat feces,1986,Czech Republic,Europe,Czech,Y,N,N,620,8,1.29,,,30,Y,Domestic-FR,Y,,https://www.ncbi.nlm.nih.gov/pubmed/3095977,,,,,,,
542,3/8,"toxoplasma, felid, species",Pubmed,"Epidemiologic observations on infection with Toxoplasma gondii in three species of urban mammals from Baltimore, Maryland, USA",1986,USA,North America,,Y,N,N,650,3,0.46,,,,Y,Domestic-FR,Y,Toxoplasma like oocysts,https://www.ncbi.nlm.nih.gov/pubmed/3557837,,,,,,,
918,3/10,"toxoplasma, transmission, felid",Pubmed,Epizootiologic investigations on a sheep farm with Toxoplasma gondii-induced abortions,1986,USA,North America,,Y,N,N,16,1,6.25,,,,Y,Domestic-FR,Y,,https://www.ncbi.nlm.nih.gov/pubmed/3700210,,,,,,,
1056,3/31,,Reference search,Survey on Toxoplasma infection in stray cats in western area of Japan during a two-year period,1990,Japan,Asia,,Y,N,Y,335,1,0.2985074627,,,24,Y,Domestic-FR,Y,,https://www.cabdirect.org/cabdirect/abstract/19920878585,,,,,,,
1070,4/6,,Reference search,An investigation of the potential for spread of Sarcocystis spp. and other parasites by feral cats,1990,New Zealand,Australia,,Y,N,N,63,0,0,,,,Y,Domestic-FR,Y,,https://www.tandfonline.com/doi/abs/10.1080/00288233.1990.10428439,,,,,,,
1071,4/6,,Reference search,"Situación de losooquistes de Toxoplasma gondii en heces de gatos del Distrito Federal, México",1990,Mexico,North America,Spanish,Y,N,N,200,0,0,,,,Y,Domestic-FR,Y,,,,,,,,,
510,3/8,"toxoplasma, felid, species",Pubmed,Helminth and protozoan parasites in dogs and cats in Belgium,1991,Belgium,Europe,,Y,N,N,30,0,0.00,,,,Y,Domestic-FR,Y,,https://www.sciencedirect.com/science/article/pii/030440179190010S,,,,,,,
1055,3/31,,Reference search,Toxoplasma and other intestinal coccidia in cats in Maharashtra (Parbhani),1992,India,Asia,,Y,N,Y,9,1,11.11111111,,,,Y,Domestic-FR,Y,,,,,,,,,
528,3/8,"toxoplasma, felid, species",Pubmed,"Transmission of Toxoplasma gondii in Panama City, Panama: a five-year prospective cohort study of children, cats, rodents, birds, and soil",1995,Panama,North America,,Y,N,Y,383,2,0.52,,,60,Y,Domestic-FR,Y,,https://www.ncbi.nlm.nih.gov/pubmed/7485703,,,,,,,
550,3/8,"toxoplasma, felid, species",Pubmed,Sources and reservoirs of Toxoplasma gondii infection on 47 swine farms in Illinois,1995,USA,North America,,Y,N,Y,274,5,1.82,,,24,Y,Domestic-FR,Y,1.80%,https://www.ncbi.nlm.nih.gov/pubmed/7472862,,,,,,,
1057,3/31,,Reference search,Estudio sobre la frecuencia del ooquiste de Toxoplasma gondii en el gato domestico del distrito federal,1997,Mexico,North America,Spanish,Y,N,Y,200,14,7,,,,Y,Domestic-FR,Y,,,,,,,,,
1060,3/31,,Reference search,Infeccion por Toxoplasma gondii en gatos de dos barrios del sur de Armenia y su importancia en la toxoplasmosis humana,1998,Colombia,South America,Spanish,Y,N,N,18,12,66.66666667,,,,Y,Domestic-FR,Y,,,,,,,,,
71,2/16,toxoplasma AND cat AND shedding,Pubmed,A field trial of the effectiveness of a feline Toxoplasma gondii vaccine in reducing T. gondii exposure for swine,1999,USA,North America,,Y,N,N,179,11,6.15,,,36,Y,Domestic-FR,Y,,https://www.ncbi.nlm.nih.gov/pubmed/10577720,,,,,,,
981,3/12,"toxoplasma, felid, oocyst, feces",Pubmed,"Prevalence of antibodies to Toxoplasma gondii and intestinal parasites in stray, farm and household cats in Spain",2004,Spain,Europe,,Y,N,N,382,0,0.00,,,,Y,Domestic-FR,Y,,https://www.sciencedirect.com/science/article/abs/pii/S0304401704004121,,,,,,,
1054,3/31,,Reference search,Infections with helminths and/or protozoa in cats in animal shelters in the Netherlands,2004,Netherlands,Europe,,Y,N,N,305,1,0.3278688525,,,,Y,Domestic-FR,Y,,https://www.ncbi.nlm.nih.gov/pubmed/14737808,,,,,,,
529,3/8,"toxoplasma, felid, species",Pubmed,Transmission of Toxoplasma gondii in an urban population of domestic cats (Felis catus),2006,France,Europe,,Y,N,N,322,0,0.00,,,120,Y,Domestic-FR,Y,,https://www.sciencedirect.com/science/article/pii/S0020751906002876,,,,,,,
20,2/16,toxoplasma AND cat AND shedding,Pubmed,"Toxoplasma gondii infection in cats from São Paulo state, Brazil: seroprevalence, oocyst shedding, isolation in mice, and biologic and molecular characterization",2006,Brazil,South America,,Y,N,Y,237,3,1.27,"I, III",TgCatBr85-87,12,Y,Domestic-FR,Y,,https://www.sciencedirect.com/science/article/pii/S0034528805001694?via%3Dihub,,,,,,,
355,2/28,"toxoplasma, felid, genotype",Pubmed,"Prevalence of Toxoplasma gondii in cats from Colombia, South America and genetic characterization of T. gondii isolates",2006,Colombia,South America,,Y,N,Y,170,0,0.00,,,7,Y,Domestic-FR,Y,,https://www.sciencedirect.com/science/article/pii/S0304401706002822,,,,,,,
380,2/28,"toxoplasma, felid, genotype",Pubmed,Genetic and biologic characterization of Toxoplasma gondii isolates of cats from China,2007,China,Asia,,Y,N,Y,26,0,0.00,"#11, #13, #9, #18",TgCtPRC 1–17 cat bioassay,,Y,Domestic-FR,Y,"no shedding, yes bioassay",https://www.sciencedirect.com/science/article/pii/S0304401706007047?via%3Dihub,,,,,,,
994,3/12,"toxoplasma, felid, oocyst, feces",Pubmed,The development of a molecular approach for coprodiagnosis of Toxoplasma gondii,2007,Israel,Asia,,Y,Y,N,122,11,9.02,,,,Y,Domestic-FR,Y,"positive by PCR, none microscopy",https://www.ncbi.nlm.nih.gov/pubmed/17395378,,,,,,,
1072,4/6,,Reference search,Toxoplasma gondii infection in stray cats,2007,Iran,Asia,,Y,N,N,50,0,0,,,,Y,Domestic-FR,Y,,http://ijpa.tums.ac.ir/index.php/ijpa/article/view/13,,,,,,,
352,2/28,"toxoplasma, felid, genotype",Pubmed,"Mouse-virulent Toxoplasma gondii isolated from feral cats on Mona Island, Puerto Rico",2007,USA,North America,,Y,N,Y,6,0,0.00,,,16,Y,Domestic-FR,Y,"cat bioassay in 7 more cats shed II, I, atypical, mixed",https://bioone.org/journals/Journal-of-Parasitology/volume-93/issue-6/GE-1409.1/MOUSE-VIRULENT-TOXOPLASMA-GONDII-ISOLATED-FROM-FERAL-CATS-ON-MONA/10.1645/GE-1409.1.full,,,,,,,
1066,4/6,,Reference search,"Prevalence of Toxoplasma gondii antibodies and intestinal parasites in stray cats from Nigde, Turkey",2008,Turkey,Asia,,Y,N,N,72,0,0,,,,Y,Domestic-FR,Y,,https://www.tandfonline.com/doi/abs/10.4081/ijas.2008.113,,,,,,,
982,3/12,"toxoplasma, felid, oocyst, feces",Pubmed,"Prevalence of Toxoplasma gondii antibodies in stray cats in Sari, northern Iran",2009,Iran,Asia,,Y,N,N,100,0,0.00,,,,Y,Domestic-FR,Y,,https://link.springer.com/article/10.1007/s11250-008-9173-y,,,,,,,
382,2/28,"toxoplasma, felid, genotype",Pubmed,"Isolation and characterization of viable Toxoplasma gondii isolates revealed possible high frequency of mixed infection in feral cats ( Felis domesticus) from St Kitts, West Indies",2009,Saint Kitts,North America,,Y,N,Y,51,0,0.00,,,24,Y,Domestic-FR,Y,no shedding,https://www.cambridge.org/core/journals/parasitology/article/isolation-and-characterization-of-viable-toxoplasma-gondii-isolates-revealed-possible-high-frequency-of-mixed-infection-in-feral-cats-felis-domesticus-from-st-kitts-west-indies/72B79375609FEFC9BC2EA97B3981B09C,,,,,,,
57,2/16,toxoplasma AND cat AND shedding,Pubmed,Cross-sectional survey of Toxoplasma gondii infection in colony cats from urban Florence (Italy),2010,Italy,Europe,,N,Y,N,50,8,16.00,,,,Y,Domestic-FR,Y,serologically negative cats likely to shed?,https://journals.sagepub.com/doi/full/10.1016/j.jfms.2009.09.001?url_ver=Z39.88-2003&rfr_id=ori%3Arid%3Acrossref.org&rfr_dat=cr_pub%3Dpubmed&,,,,,,,
583,3/8,"toxoplasma, felid, species",Pubmed,"A survey study on gastrointestinal parasites of stray cats in northern region of Nile delta, Egypt",2011,Egypt,Africa,,Y,N,N,113,10,8.849557522,,,5,Y,Domestic-FR,Y,,https://www.ncbi.nlm.nih.gov/pubmed/21760884,,,,,,,
96,2/21,toxoplasma AND cat AND shedding,WoS,"Prevalence of Toxoplasma gondii antibodies in cats in Urmia, northwest of Iran",2011,Iran,Asia,,Y,N,N,130,3,2.31,,,27,Y,Domestic-FR,Y,domes,https://www.researchgate.net/profile/Saber_Raeghi/publication/253926333_Prevalence_of_Toxoplasma_gondii_antibodies_in_cats_in_Urmia_northwest_of_Iran/links/545a67530cf2c16efbbb0828/Prevalence-of-Toxoplasma-gondii-antibodies-in-cats-in-Urmia-northwest-of-Iran.pdf,,,,,,,
1023,3/23,,Reference search,"Infectious disease prevalence in a feral cat population on Prince Edward Island, Canada",2011,Canada,North America,,Y,N,N,78,1,1.28,,,6,Y,Domestic-FR,Y,,https://www.ncbi.nlm.nih.gov/pmc/articles/PMC3157072/,,,,,,,
1003,3/12,"toxoplasma, felid, oocyst, feces",Pubmed,Prevalence of endoparasites in stray and fostered dogs and cats in Northern Germany,2012,Germany,Europe,,Y,N,N,837,6,0.72,,,24,Y,Domestic-FR,Y,,https://www.ncbi.nlm.nih.gov/pubmed/22526289,,,,,,,
44,2/16,toxoplasma AND cat AND shedding,Pubmed,Genetic diversity of Toxoplasma gondii isolates from Ethiopian feral cats,2013,Ethiopian,Africa,,Y,Y,N,48,7,14.58,"II, III, ToxoDB #3 (type II variant) , ToxoDB #9","ToxoDB #1, ToxoDB #2, Toxo DB #3, and ToxoDB #20",3-4,Y,Domestic-FR,Y,mixed strain infection,https://www.ncbi.nlm.nih.gov/pubmed/23411374,,,,,,,
953,3/10,"toxoplasma, felid, oocyst, feces",Pubmed,"Isolation of viable Toxoplasma gondii from tissues and feces of cats from Addis Ababa, Ethiopia",2013,Ethiopia,Africa,,Y,N,Y,36,7,19.44,"#7, #4, #16, #80, #31, #54, ","TgCatEt2b, 3a, 3b, 6a, 6b, 7a, 7b, 8a, 8b, 10a, 12a, 12b, ",1,Y,Domestic-FR,Y,,https://doi.org/10.1645/GE-3229.1,,,,,,,
603,3/8,"toxoplasma, felid, species",Pubmed,Enteric protozoan parasites in stray cats in Kuwait with special references to toxoplasmosis and risk factors affecting its occurrence,2013,Kuwait,Asia,,Y,N,N,240,5,2.083333333,,,,Y,Domestic-FR,Y,,https://www.ncbi.nlm.nih.gov/pubmed/24260809,,,,,,,
592,3/8,"toxoplasma, felid, species",Pubmed,Prevalence of faecal-borne parasites in colony stray cats in northern Italy,2013,Italy,Europe,,Y,N,N,139,0,0,,,24,Y,Domestic-FR,Y,,https://journals.sagepub.com/doi/full/10.1177/1098612X12473467,,,,,,,
8,2/16,toxoplasma AND cat AND shedding,Pubmed,"High prevalence of Toxoplasma gondii oocyst shedding in stray and pet cats (Felis catus) in Virginia, United States",2013,USA,North America,,Y,Y,N,49,3,6.12,,,,Y,Domestic-FR,Y,,https://parasitesandvectors.biomedcentral.com/articles/10.1186/1756-3305-6-266,,,,,,,
968,3/11,"toxoplasma, felid, oocyst, feces",Pubmed,"Feline patent Toxoplasma-like coccidiosis among feral cats (Felis catus) in Doha city, Qatar and its immediate surroundings",2014,Qatar,Asia,,Y,N,N,4652,425,9.14,,,22,Y,Domestic-FR,Y,t gondii like,https://www.ncbi.nlm.nih.gov/pubmed/25119351,,,,,,,
278,2/24,"toxoplasma, felid, genotype",Pubmed,"Toxoplasma gondii B1 Gene Detection in Feces of Stray Cats around Seoul, Korea and Genotype Analysis of Two Laboratory-Passaged Isolates",2015,Korea,Asia,,N,Y,Y,300,14,4.67,II,"KNIH-1, KNIH-2",3,Y,Domestic-FR,Y,methodology for detecting oocysts not familiar,https://www.ncbi.nlm.nih.gov/pubmed/26174818,,,,,,,
83,2/17,toxoplasma AND cat AND shedding,WoS,"Prevalence of Toxoplasma gondii antibody and oocyst shedding in stray cats of Khorramabad City, West of Iran 2014",2015,Iran,Asia,Arabic,Y,N,N,125,0,0,,,,Y,Domestic-FR,Y,oocysts found to be Isopora,http://yafte.lums.ac.ir/article-1-2302-en.html,,,,,,,
354,2/28,"toxoplasma, felid, genotype",Pubmed,Isolation and genetic characterization of viable Toxoplasma gondii from tissues and feces of cats from the central region of China,2015,China,Asia,,Y,N,Y,360,1,0.28,ToxoDB #1,TgCatCHn4,,Y,Domestic-FR,Y,,https://linkinghub.elsevier.com/retrieve/pii/S0304-4017(15)00242-3,,,,,,,
964,3/11,"toxoplasma, felid, oocyst, feces",Pubmed,Prevalence and Risk Factors of Intestinal Parasites in Cats from China,2015,China,Asia,,Y,N,N,360,11,3.06,,,12,Y,Domestic-FR,Y,,https://www.hindawi.com/journals/bmri/2015/967238/,,,,,,,
280,2/24,"toxoplasma, felid, genotype",Pubmed,"Isolation and characterization of Toxoplasma gondii strains from stray cats revealed a single genotype in Beijing, China",2016,China,Asia,,Y,N,N,35,0,0.00,,,10,Y,Domestic-FR,Y,,https://www.sciencedirect.com/science/article/pii/S0304401712000453,,,,,,,
633,3/9,"toxoplasma, transmission, felid",WoS,"Detection of Echinococcus multilocularis and other foodborne parasites in fox, cat and dog faeces collected in kitchen gardens in a highly endemic area for alveolar echinococcosis",2017,France,Europe,,N,Y,N,125,2,1.6,,,19,Y,Domestic-FR,Y,,https://www.parasite-journal.org/articles/parasite/pdf/2017/01/parasite170062.pdf,,,,,,,
12,2/16,toxoplasma AND cat AND shedding,Pubmed,Study of prevalence of Toxoplasma gondii oocysts in the cats of Nouakchott,2017,Mauritania,Africa,French,Y,N,N,100,23,23.00,,,,Y,Domestic-FR,Y,,https://www.ncbi.nlm.nih.gov/pubmed/29052122,,,,,,,
131,2/21,toxoplasma AND cat AND shedding,WoS,Prevalence and genetic diversity of Toxoplasma gondii oocysts in cats of southwest of Iran,2017,Iran,Asia,,Y,Y,N,486,35,7.20,"III, I+III, I",,5,Y,Domestic-FR,Y,,https://www.clinicalkey.com/nursing/#!/content/playContent/1-s2.0-S2468045117300652?returnurl=null&referrer=null,,,,,,,
969,3/11,"toxoplasma, felid, oocyst, feces",Pubmed,Prevalence of helminth and coccidian parasites in Swedish outdoor cats and the first report of Aelurostrongylus abstrusus in Sweden: a coprological investigation,2017,Sweden,Europe,,Y,N,N,205,1,0.49,,,,Y,Domestic-FR,Y,,https://actavetscand.biomedcentral.com/articles/10.1186/s13028-017-0287-y,,,,,,,
1118,2/3/21,,WoS,Toxoplasma gondii Detection in Fecal Samples from Domestic Cats (Felis catus) in Hawai‘i,2018,USA,North America,,N,Y,N,69,5,7.25,,,,Y,Domestic-FR,Y,,https://bioone.org/journals/pacific-science/volume-72/issue-4/72.4.9/Toxoplasma-gondii-Detection-in-Fecal-Samples-from-Domestic-Cats-Felis/10.2984/72.4.9.full,,,,,,,
264,2/24,"toxoplasma, felid, genotype",Pubmed,"Genotyping of Toxoplasma gondii Isolated from cat Feces in Songkhla, Southern Thailand",2018,Thailand,Asia,,Y,Y,N,,,,"I, III, II/III, recombinant, atypical","TG-CtPSU37 (III), TG-CtPSU176 (III), TG-CtPSU89 (I/III), TGCtPSU207 (I), TG-CtPSU74 and TG-CtPSU100 (u-1), TG-CtPSU45 and TGCtPSU49 (recombinant)",,Y,Domestic-FR,Y,,https://www.sciencedirect.com/science/article/pii/S2405939017302708?via%3Dihub,,,,,,,
470,2/29,"toxoplasma, felid, species",Pubmed,High density of fox and cat faeces in kitchen gardens and resulting rodent exposure to Echinococcus multilocularis and Toxoplasma gondii,2018,France,Europe,,Y,N,N,141,6,4.26,,,24,Y,Domestic-FR,Y,,https://folia.paru.cas.cz/pdfs/fol/2018/01/02.pdf,,,,,,,
662,3/10,"toxoplasma, transmission, felid",Pubmed,Implications of zoonotic and vector-borne parasites to free-roaming cats in central Spain,2018,Spain,Europe,,Y,N,N,263,0,0,,,36,Y,Domestic-FR,Y,no oocysts,https://www.sciencedirect.com/science/article/pii/S0304401718300153,,,,,,,
948,3/10,"toxoplasma, felid, oocyst, feces",Pubmed,Prevalence of Toxoplasma gondii infection in cats in southwestern Poland,2018,Poland,Europe,,Y,Y,N,41,1,2.44,,,,Y,Domestic-FR,Y,,"http://www.aaem.pl/Prevalence-of-Toxoplasma-gondii-infection-in-cats-from-southwestern-region-of-Poland,94675,0,2.html",,,,,,,
454,2/29,"toxoplasma, felid, species",Pubmed,"Prevalence of zoonotic parasites in feral cats of Central Virginia, USA",2018,USA,North America,,Y,N,N,275,3,1.09,,,5,Y,Domestic-FR,Y,,https://www.ncbi.nlm.nih.gov/pubmed/31348621,,,,,,,
955,3/10,"toxoplasma, felid, oocyst, feces",Pubmed,"Fecal survey of parasites in free-roaming cats in northcentral Oklahoma, United States",2018,USA,North America,,Y,N,N,846,1,0.12,,,,Y,Domestic-FR,Y,t gondii like oocyst,https://www.sciencedirect.com/science/article/pii/S2405939018300595?via%3Dihub,,,,,,,
19,2/16,toxoplasma AND cat AND shedding,Pubmed,"A serological and parasitological study of Toxoplasma gondii infection in stray cats of Mashhad, Khorasan Razavi province, Iran",2019,Iran,Asia,,Y,N,N,159,4,2.52,,,4,Y,Domestic-FR,Y,"toxoplasma like oocysts, are these h?",https://www.ncbi.nlm.nih.gov/pubmed/31338144,,,,,,,
1064,3/31,,Liz,Excretion of Toxoplasma gondii oocysts from Feral Cats in Korea,2019,Korea,Asia,,Y,Y,N,563,5,0.8880994671,,,36,Y,Domestic-FR,Y,,http://parasitol.kr/upload/pdf/kjp-57-6-665.pdf,,,,,,,
1119,2/4/21,,WoS,"Quantifying the presence of feral cat colonies and Toxoplasma gondii in relation to bird conservation areas on O'ahu, Hawai'i",2020,USA,North America,,N,Y,N,56,6,10.71,,,,Y,Domestic-FR,Y,,https://conbio.onlinelibrary.wiley.com/doi/full/10.1111/csp2.179,,,,,,,
1075,2/2/21,"toxoplasma, cat, shedding",Pubmed,"Shedding proportion of Toxoplasma gondii-like oocysts in feral cats and soil contamination in Oyo State, Nigeria",2020,Nigeria,Africa,,Y,N,N,14,3,21.43,,,1,Y,Domestic-FR,Y,,https://www.ncbi.nlm.nih.gov/pmc/articles/PMC7516289/,,,,,,,
1085,2/2/21,"toxoplasma, felid, genotype",Pubmed,Outbreak of Amazonian Toxoplasmosis: A One Health Investigation in a Remote Amerindian Community,2020,French Guiana,South America,,Y,N,N,12,0,0.00,,,,Y,Domestic-FR,Y,,https://www.ncbi.nlm.nih.gov/pmc/articles/PMC7516351/,,,,,,,
1079,2/2/21,"toxoplasma, cat, shedding",Pubmed,"Prevalence of Feline Immunodeficiency Virus and Toxoplasma gondii in Feral Cats on St. Kitts, West Indies",2021,St. Kitts,North America,,Y,Y,N,105,0,0.00,,,,Y,Domestic-FR,Y,,https://pubmed.ncbi.nlm.nih.gov/33494205/,,,,,,,
709,3/10,"toxoplasma, transmission, felid",Pubmed,Experimental Toxoplasma infections in cats. I. Repeated transmission of Toxoplasma gondii through feces of cats infected by nematodes,1969,Germany,Europe,German,Y,N,Y,5,1,20.00,,Ktz 1983,,Y,Reshedding,N,,https://www.cabdirect.org/cabdirect/abstract/19702901365,,,,,,,
85,2/21,toxoplasma AND cat AND shedding,WoS,Re-shedding of Toxoplasma gondii oocysts by chronically infected cats,1976,USA,North America,,Y,N,Y,10,9,90.00,III,M7741,3,Y,Reshedding,N,9/10 reshed!,https://www.nature.com/articles/262213a0.pdf,,,,,,,
43,2/16,toxoplasma AND cat AND shedding,Pubmed,Effect of age and sex on the acquisition of immunity to toxoplasmosis in cats,1977,USA,North America,,Y,N,Y,11,0,0.00,III,"M7741, CR-6",3,Y,Reshedding,N,,https://www.ncbi.nlm.nih.gov/pubmed/864622,,,,,,,
1004,3/12,"toxoplasma, felid, oocyst, feces",Pubmed,Effect of immunization of cats with Isospora felis and BCG on immunity to reexcretion of Toxoplasma gondii oocysts,1978,USA,North America,,Y,N,N,16,7,43.75,III,M7741,1,Y,Reshedding,N,,https://www.ncbi.nlm.nih.gov/pubmed/364044,,,,,,,
23,2/16,toxoplasma AND cat AND shedding,Pubmed,Immunization of cats against shedding of Toxoplasma oocysts,1982,USA,North America,,Y,N,N,,,,"III, II","M7741, Gail",3,Y,Reshedding,N,,https://www.jstor.org/stable/3280978?origin=crossref&seq=1#metadata_info_tab_contents,,,,,,,
31,2/16,toxoplasma AND cat AND shedding,Pubmed,Inhibitory effects of monensin on shedding of Toxoplasma oocysts by cats,1982,USA,North America,,Y,N,N,12,2,16.67,"III, II","M 7741, Gail",3,Y,Reshedding,N,,https://www.ncbi.nlm.nih.gov/pubmed/7131189,,,,,,,
35,2/16,toxoplasma AND cat AND shedding,Pubmed,Duration of immunity to shedding of Toxoplasma gondii oocysts by cats,1995,USA,North America,,Y,N,N,9,4,44.44,"II, BrIII (#8)","TS-2, ME49, P98 (TgPgUS15)",78,Y,Reshedding,N,44% (4/9) reshed oocysts at 77 months,https://www.ncbi.nlm.nih.gov/pubmed/7776126,,,,,,,
64,2/16,toxoplasma AND cat AND shedding,Pubmed,Mediation of immunity to Toxoplasma gondii oocyst shedding in cats,1995,USA,North America,,Y,N,N,12,0,0.00,II,ME49,0.5,Y,Reshedding,N,homologous challenge no repeat shedding,https://www.ncbi.nlm.nih.gov/pubmed/8544058,,,,,,,
77,2/16,toxoplasma AND cat AND shedding,Pubmed,Long-term antibody responses of cats fed toxoplasma gondii tissue cysts,1995,USA,North America,,Y,N,Y,,,,"II, BrIII (#8)","TS-2, ME49, P89",78,Y,Reshedding,N,"all shed initially, 4/9 reshed",https://www.jstor.org/stable/3284035?seq=2#metadata_info_tab_contents,,,,,,,
78,2/16,toxoplasma AND cat AND shedding,Pubmed,Toxoplasma gondii: cross-immunity against the enteric cycle,2007,Uruguay,South America,,Y,N,N,9,1,11.11,"II, III","ME49, M7741",2,Y,Reshedding,N,,https://www.sciencedirect.com/science/article/pii/S0014489406001275?via%3Dihub,,,,,,,
9,2/16,toxoplasma AND cat AND shedding,Pubmed,Prevention of shedding and re-shedding of Toxoplasma gondii oocysts in experimentally infected cats treated with oral Clindamycin: a preliminary study,2009,Iran,Asia,,Y,N,N,12,8,66.67,II,Tehran strain,2,Y,Reshedding,N,,https://onlinelibrary.wiley.com/doi/full/10.1111/j.1863-2378.2008.01174.x,,,,,,,
1,2/16,toxoplasma AND cat AND shedding,Pubmed,Toxoplasma gondii: A study of oocyst re-shedding in domestic cats.,2018,Brazil,South America,,Y,Y,N,7,5,71.43,"II, III","ME49, TgDoveBr8, VEG, TgDoveBr1",36,Y,Reshedding,N,,https://www.sciencedirect.com/science/article/pii/S0304401717304685?via%3Dihub,,,,,,,
1026,3/23,,Reference search,Pursuing Toxoplasma,1970,USA,North America,,Y,N,N,,,,,,,Y,Wild-CAP,N,,https://academic.oup.com/jid/article-abstract/122/6/553/905444?redirectedFrom=fulltext,,,,,,,
1028,3/23,,Reference search,Investigations about host specifity of the oocyst-forming life-cycle of Toxoplasma gondii,1972,Germany,Europe,German,Y,N,N,,,,,,,Y,Wild-CAP,N,,https://link.springer.com/article/10.1007/BF00329461,,,,,,,
1027,3/23,,Reference search,"Oral infections with Toxoplasma cysts and oocysts in felines, other mammals, and in birds",1972,USA,North America,,Y,N,Y,,,,,,,Y,Wild-CAP,N,,https://www.ncbi.nlm.nih.gov/pubmed/5078599,,,,,,,
1016,3/12,"toxoplasma, felid, oocyst, feces",Pubmed,Development of Toxoplasma oocysts in neotropical felidae,1972,"Panama, Costa Rica",North America,,Y,N,Y,15,4,26.67,III,,1,Y,Wild-CAP,N,experimental,https://www.ajtmh.org/docserver/fulltext/14761645/21/5/TM0210050512.pdf?expires=1584052462&id=id&accname=12217&checksum=BADB7ADF051D2DD6B73259635EC59089,,,,,,,
416,2/28,"toxoplasma, felid, zoo",Pubmed,"Prevalence of antibodies to Toxoplasma gondii in wild and domestic animals of New Mexico, Arizona and Colorado",1976,USA,North America,,Y,N,Y,10,9,90.00,,,,Y,Wild-CAP,N,,https://www.jwildlifedis.org/doi/pdf/10.7589/0090-3558-12.2.226,,,,,,,
1031,3/23,,Reference search,"Hallazgo del ciclo ontogenico selvatico del Toxoplasma gondii en felidos salvajes (Oncifelis geofroyi, Felis colocolo y Felis eird) de la provincia de Cordoba",1978,Argentina,South America,Spanish,Y,N,N,,,,,,,Y,Wild-CAP,N,,no link,,,,,,,
1025,3/23,,Reference search,Final Hosts of Toxoplasma,1979,Russia,Asia,Russian,Y,N,Y,,,,,,,Y,Wild-CAP,N,,"Polomoshnov, A. P. (1979). Definitive hosts of Toxoplasma. Problems of Natural Nidality of Diseases. Institute of Zoology, Kazakh Academy of Sciences, Alma Ata, 10, 68-72.",,,,,,,
1029,3/23,,Reference search,Hematological and parasitological study of the Iriomote cat (Prionailurus iriomotensis),1986,Japan,Asia,,Y,N,Y,,,,,,,Y,Wild-CAP,N,,https://www.nrcresearchpress.com/doi/pdf/10.1139/z87-150,,,,,,,
1024,3/23,,Reference search,Fatal toxoplasmosis and enteroepithelial stages of Toxoplasma gondii in a Pallas cat (Felis manul),1988,USA,North America,,Y,N,N,1,1,100.00,,,,Y,Wild-CAP,N,,https://www.ncbi.nlm.nih.gov/pubmed/3199337,,,,,,,
439,2/29,"toxoplasma, felid, captive",Pubmed,Acute disseminated toxoplasmosis in two captive lions (Panthera leo) in Nigeria,1989,Nigeria,Africa,,Y,N,N,2,2,100.00,,,,Y,Wild-CAP,N,,https://www.researchgate.net/publication/20398870_Acute_disseminated_toxoplasmosis_in_two_captive_lions_Panthera_leo_in_Nigeria,,,,,,,
1030,3/23,,Reference search,Toxoplasmosis in a Siberian tiger (Panthera tigris altaica),1989,Belgium,Europe,,Y,N,Y,,,,,,,Y,Wild-CAP,N,,https://www.ncbi.nlm.nih.gov/pubmed/2617817,,,,,,,
13,2/16,toxoplasma AND cat AND shedding,Pubmed,Shedding of Toxoplasma gondii oocysts by Felidae in zoos in the Czech Republic,1998,Czech Republic,Europe,,Y,N,Y,2287,23,1.01,,,12,Y,Wild-CAP,N,,https://www.sciencedirect.com/science/article/pii/S0304401797001556?via%3Dihub,,,,,,,
114,2/21,toxoplasma AND cat AND shedding,WoS,Toxoplasmosis in Pallas' cats (Otocolobus manul) raised in captivity,2005,Austria,Europe,,Y,N,Y,7,2,28.57,,,4,Y,Wild-CAP,N,,https://www.cambridge.org/core/journals/parasitology/article/toxoplasmosis-in-pallas-cats-otocolobus-manul-raised-in-captivity/427D2B1CF5BED6C16CDFB8AD74488F48,,,,,,,
419,2/28,"toxoplasma, felid, zoo",Pubmed,Acute disseminated toxoplasmosis in a juvenile cheetah (Acinonyx jubatus),2007,UAE,Asia,,Y,N,N,1,0,0.00,,,,Y,Wild-CAP,N,,https://bioone.org/journals/Journal-of-Zoo-and-Wildlife-Medicine/volume-38/issue-3/2007-0016.1/ACUTE-DISSEMINATED-TOXOPLASMOSIS-IN-A-JUVENILE-CHEETAH-ACINONYX-JUBATUS/10.1638/2007-0016.1.full,,,,,,,
390,2/28,"toxoplasma, felid, zoo",Pubmed,Seroepidemiology of Toxoplasma gondii in zoo animals in selected zoos in the midwestern United States,2008,USA,North America,,Y,N,N,66,0,0.00,,,24,Y,Wild-CAP,N,,https://bioone.org/journals/Journal-of-Parasitology/volume-94/issue-3/GE-1453.1/Seroepidemiology-of-Toxoplasma-gondii-in-Zoo-Animals-in-Selected-Zoos/10.1645/GE-1453.1.full,,,,,,,
400,2/28,"toxoplasma, felid, zoo",Pubmed,"Occurrence, prevalence and intensity of internal parasite infections of African lions (Panthera leo) in enclosures at a recreation park in Zimbabwe",2013,Zimbabwe,Africa,,Y,N,N,30,5,16.67,,,4,Y,Wild-CAP,N,toxoplasma like spp,https://www.ncbi.nlm.nih.gov/pubmed/24063097,,,,,,,
172,2/21,toxoplasma AND cat AND shedding,WoS,"A new atypical genotype mouse virulent strain of Toxoplasma gondii isolated from the heart of a wild caught puma (Felis concolor) from Durango, Mexico",2013,Mexico,North America,,Y,N,Y,1,1,100.00,ToxoDB PCR-RFLP #222,TgPumaMe1,,Y,Wild-CAP,N,experimental,https://www.sciencedirect.com/science/article/pii/S0304401713003567,,,,,,,
311,2/25,"toxoplasma, felid, genotype",Pubmed,Direct evidence of an extra-intestinal cycle of Toxoplasma gondii in tigers (Panthera tigris) by isolation of viable strains,2019,China,Asia,,Y,N,Y,151,0,0.00,,,30,Y,Wild-CAP,N,1 pooled sample positive,https://www.tandfonline.com/doi/full/10.1080/22221751.2019.1682471,,,,,,,
402,2/28,"toxoplasma, felid, zoo",Pubmed,Toxoplasma gondii in Captive Wild Felids of Mexico: Its Frequency and Capability to Eliminate Oocysts,2019,Mexico,North America,,Y,Y,N,35,5,14.29,,,16,Y,Wild-CAP,N,no oocysts but DNA detected?,https://www.ncbi.nlm.nih.gov/pubmed/30615592,,,,,,,
606,3/8,"toxoplasma, felid, species",Pubmed,A coprological survey of parasites of wild neotropical felidae,1986,Belize,South America,,Y,N,N,45,10,22.22222222,,,19,Y,Wild-FR,Y,,https://www.jstor.org/stable/3281500?seq=1#metadata_info_tab_contents,,,,,,,
1002,3/12,"toxoplasma, felid, oocyst, feces",Pubmed,Parasites of wild felidae in Thailand: a coprological survey,1994,Thailand,Asia,,Y,N,N,92,2,2.17,,,24,Y,Wild-FR,Y,t gondii like,https://doi.org/10.7589/0090-3558-30.3.472,,,,,,,
98,2/21,toxoplasma AND cat AND shedding,WoS,Toxoplasma gondii in Vancouver Island cougars (Felis concolor vancouverensis): Serology and oocyst shedding,1998,Canada,North America,,Y,N,Y,13,2,15.38,,,4,Y,Wild-FR,Y,,https://www.jstor.org/stable/3284508?seq=1#metadata_info_tab_contents,,,,,,,
101,2/21,toxoplasma AND cat AND shedding,WoS,Potential contamination of drinking water with Toxoplasma gondii oocysts,1999,Canada,North America,,Y,N,Y,16,1,6.25,,,12,Y,Wild-FR,Y,1/7 additional fecal samps had oocysts,https://www.ncbi.nlm.nih.gov/pmc/articles/PMC2809621/,,,,,,,
442,2/29,"toxoplasma, felid, captive",Pubmed,"Faecal helminth egg and oocyst counts of a small population of African lions (Panthera leo) in the southwestern Kalahari, Namibia",2006,Namibia,Africa,,Y,N,N,23,11,47.83,,,,Y,Wild-FR,Y,oocyst presence differs by season,https://www.ncbi.nlm.nih.gov/pubmed/16715880,,,,,,,
992,3/12,"toxoplasma, felid, oocyst, feces",Pubmed,Serological survey of Toxoplasma gondii infection in free-ranging Eurasian lynx (Lynx lynx) from Sweden,2006,Sweden,Europe,,Y,N,N,207,0,0.00,,,24,Y,Wild-FR,Y,,https://www.jwildlifedis.org/doi/abs/10.7589/0090-3558-42.1.182,,,,,,,
421,2/28,"toxoplasma, felid, zoo",Pubmed,Parasites of free-ranging small canids and felids in the Bolivian Chaco,2006,Bolivia,South America,,Y,N,N,14,0,0.00,,,,Y,Wild-FR,Y,,https://bioone.org/journals/Journal-of-Zoo-and-Wildlife-Medicine/volume-37/issue-2/05-075.1/PARASITES-OF-FREE-RANGING-SMALL-CANIDS-AND-FELIDS-IN-THE/10.1638/05-075.1.full#i1042-7260-37-2-130-t02,,,,,,,
429,2/28,"toxoplasma, felid, zoo",WoS,Factors affecting seroprevalence of Toxoplasma gondii in the endangered Iberian lynx (Lynx pardinus),2010,Spain,Europe,,Y,N,N,58,0,0.00,,,,Y,Wild-FR,Y,,https://www.sciencedirect.com/science/article/pii/S0304401709005779,,,,,,,
88,2/21,toxoplasma AND cat AND shedding,WoS,Zoonotic Parasites of Bobcats around Human Landscapes,2012,USA,North America,,Y,Y,N,141,0,0.00,,,,Y,Wild-FR,Y,no oocysts or dna,https://jcm.asm.org/content/jcm/50/9/3080.full.pdf,,,,,,,
602,3/8,"toxoplasma, felid, species",Pubmed,Free-ranging Eurasian lynx (Lynx lynx) as host of Toxoplasma gondii in Finland,2013,Finland,Europe,,Y,N,N,332,0,0,,,12,Y,Wild-FR,Y,,https://www.jwildlifedis.org/doi/abs/10.7589/2011-12-352,,,,,,,
61,2/16,toxoplasma AND cat AND shedding,Pubmed,"Spatiotemporal dynamics of Toxoplasma gondii infection in Canadian lynx (Lynx canadensis) in western Québec, Canada",2013,Canada,North America,,Y,N,N,84,0,0.00,,,1.5,Y,Wild-FR,Y,oocysts not detected,https://www.jwildlifedis.org/doi/abs/10.7589/2012-02-048,,,,,,,
89,2/21,toxoplasma AND cat AND shedding,WoS,"Toxoplasma gondii, Source to Sea: Higher Contribution of Domestic Felids to Terrestrial Parasite Loading Despite Lower Infection Prevalence",2013,USA,North America,,Y,Y,N,67,2,2.99,,,36,Y,Wild-FR,Y,,https://link.springer.com/article/10.1007/s10393-013-0859-x,,,,,,,
272,2/24,"toxoplasma, felid, genotype",Pubmed,"Antibody Detection and Molecular Characterization of Toxoplasma gondii from Bobcats (Lynx rufus), Domestic Cats (Felis catus), and Wildlife from Minnesota, USA",2016,USA,North America,,Y,N,Y,50,0,0.00,,,3,Y,Wild-FR,Y,no oocysts found,https://www.ncbi.nlm.nih.gov/pubmed/26824935,,,,,,,
277,2/24,"toxoplasma, felid, genotype",Pubmed,"Seroprevalence, isolation and co-infection of multiple Toxoplasma gondii strains in individual bobcats (Lynx rufus) from Mississippi, USA",2017,USA,North America,,Y,N,Y,35,0,0.00,,,1,Y,Wild-FR,Y,no oocysts found,https://www.sciencedirect.com/science/article/pii/S0020751917300437?via%3Dihub,,,,,,,